label,wall,floor;flooring,table,chair,cabinet,sofa;couch;lounge,ceiling,windowpane;window,cushion,door;double;door,toilet;can;commode;crapper;pot;potty;stool;throne,painting;picture,curtain;drape;drapery;mantle;pall,lamp,airplane;aeroplane;plane,armchair,bed,shelf,rug;carpet;carpeting,box,hill,traffic;light;traffic;signal;stoplight,plant;flora;plant;life,mirror,truck;motortruck,animal;animate;being;beast;brute;creature;fauna,desk,book,bottle,sculpture,seat,wardrobe;closet;press,ashcan;trash;can;garbage;can;wastebin;ash;bin;ash-bin;ashbin;dustbin;trash;barrel;trash;bin,barrel;cask,fireplace;hearth;open;fireplace,railing;rail,screen;door;screen,waterfall;falls,vase,coffee;table;cocktail;table
albany,0.31841213488634623,0.25230368249606816,0.27127467008816314,0.22740830815693724,0.27747489571959194,0.2636297629821467,0.20289618697204653,0.2177783100395065,0.2193404126714704,0.2489384168629507,0.16170084449927574,0.1787449338860913,0.1356503009157071,0.1756483043283799,0.12062510262471252,0.17295491144271005,0.11005543606500826,0.0998094209285954,0.12548595285920222,0.09769163905692597,0.10913864169697089,0.15644290880764875,0.1223233514778961,0.11915903927042708,0.03539471806456592,0.12003859992209047,0.03832909938420345,0.09932163943206601,0.06534282562947244,0.0936459956404074,0.027076877005291287,0.05245632498201236,0.08381446280244975,0.04605015458459018,0.05157405544385309,0.06757730970391908,0.05842204611363018,0.03574683438987837,0.06373452994050854,0.058354428664749075
amritsar,0.2845590850303315,0.26704704522574624,0.14191881842651316,0.1641988563824428,0.23896844076607415,0.2076102642934764,0.2051566169359245,0.17742340750108845,0.2222982917999373,0.1868596656023563,0.1233737762667394,0.20963986630727083,0.19061794376817587,0.0946304216402215,0.30938756330001915,0.08357686059892876,0.2375011090339315,0.21856646506110838,0.0998582154453184,0.15449105988435172,0.13386356207497377,0.07226083326998017,0.08371624216691613,0.14863585709354224,0.11447939824447452,0.08981113049412907,0.040083358776811503,0.061890625915489585,0.05102429552576254,0.06781020395466368,0.018763237248955206,0.08287302356674414,0.030073548077291803,0.0,0.11170510973549827,0.03795551627054697,0.037643313169912526,0.019026443996882816,0.1491860593774492,0.04731662897838671
bakersfield,0.2983477348660062,0.30363979420650533,0.3013476963881826,0.25727400379598164,0.23375417321798367,0.2190202207406516,0.1687712307540109,0.22000386425610732,0.17305009763901097,0.147559494285323,0.14736384638924488,0.18891547845070608,0.12196250107970347,0.16403779524630663,0.15281895731315515,0.19123147487078018,0.11856689811904922,0.09029078569171205,0.1812823308271592,0.1095491195834959,0.08987953353471165,0.14369664719055603,0.10748081627556959,0.12008625542658256,0.03964252003190852,0.13175991604770748,0.10128257700848474,0.06694912308500729,0.0868853370984784,0.09024771660469547,0.03153784980907737,0.0410043921362724,0.06755747518129036,0.07725985371707396,0.07802415116400145,0.04222553389050953,0.0638177119556858,0.15457876250258695,0.03478141514284902,0.051748572627653484
bath,0.29975083327053886,0.2853816522119501,0.25204330253324364,0.24239565623593687,0.27679966295902386,0.2245630041241992,0.22598557928486315,0.19373162031298607,0.23805080693575728,0.20000633966810843,0.19432199664046668,0.21685317216809688,0.1402660373594181,0.1954680368191112,0.1452320285889191,0.15961994510709207,0.042254542821872174,0.11817335325459168,0.1437582423289521,0.09768707735979172,0.1180252301454171,0.11331165232893434,0.11572315009223068,0.1352122874078567,0.08082271869735287,0.060153624698197405,0.0331480058684175,0.08091993553224466,0.07626641349327928,0.03881743773628186,0.01002658356450573,0.04532790996843329,0.04545874255337135,0.11863812199869284,0.12120503063607642,0.035396661601156204,0.03823629564493964,0.07133686247464667,0.04949493321517734,0.05926392320307414
bordeaux,0.2734539376403666,0.2513313756907833,0.2643849791698476,0.2816118023609785,0.23233949833352638,0.20483513737720876,0.2128209071370929,0.16422486937787487,0.19327275613922693,0.1982087134559335,0.18497687597909931,0.23020946420595947,0.11091640168164037,0.25334517243593985,0.13084686945168159,0.1612919232581618,0.15656940633578614,0.19412943724162438,0.06516239264096843,0.17105250024753701,0.0852051926763377,0.09726057413704994,0.10743966961012485,0.11602823148171951,0.06918899117715797,0.103391433700764,0.12877476125590054,0.047358533783580764,0.12003433773364461,0.06889086143508497,0.02403698175583601,0.05360012999799848,0.011069207284499543,0.0805823342814909,0.07971065737759687,0.06186543215096424,0.059331566900513874,0.07826854892431827,0.015794161950307736,0.049949120180622045
canberra,0.2929977024749538,0.2515659960446929,0.28191818052347073,0.2441857908179286,0.25919494335594556,0.2584844977632526,0.19445393180025297,0.21393992288030175,0.24010115510046706,0.22631419168789932,0.21334184757695276,0.18034245672371732,0.08920090034948508,0.15292894850583127,0.12350698455201974,0.14813475564693349,0.11460035339034681,0.0984147621290122,0.11898791695565294,0.11427860598119088,0.09897305146863229,0.0992855229883369,0.13635147686460275,0.062410347999186294,0.16036916902338183,0.15893462932594582,0.056812053510412595,0.0719635319357994,0.10643729396208461,0.10336963946116329,0.06724655782911809,0.06722141917370283,0.06819661005376226,0.05058090407476476,0.0321937521369074,0.03707279137188207,0.022471407878908358,0.10989034633984941,0.011124483860113728,0.10274809874298949
cordoba,0.30027439251912114,0.36723707304710257,0.2759318718868086,0.2867549102860944,0.1819167082424814,0.1879485355874833,0.22471181198640144,0.1819923570110167,0.16915058652355272,0.16379343816205866,0.15031403657720652,0.17616286468345746,0.13902219691770734,0.1738492044593106,0.13192787455444466,0.14681075715204683,0.15267179824674917,0.11207434490511997,0.1401279042653942,0.10035222880601839,0.16791070712148387,0.0649974518032165,0.15837694595243423,0.06579156477118044,0.06664746205684287,0.0608139429488141,0.07582684941421439,0.08119295896900659,0.08113552735879656,0.030893948403359465,0.14024332394574784,0.03297768148586463,0.09944643259096592,0.08614514902534542,0.08370897553928985,0.07011730478682836,0.06159715750295555,0.08468188111674552,0.0112029562307684,0.038855060723325896
denpasar,0.28362051709912983,0.26450232858428624,0.2865988901607637,0.3044398897134053,0.21009027748368286,0.2305893674378205,0.156473297324878,0.2670471350860216,0.218003443780988,0.2322441708024553,0.1486061064319458,0.2087944034882748,0.16516501883357393,0.1550015421543918,0.1589436145332601,0.09437813399077083,0.1380390457655258,0.15246400234653124,0.1075172679844879,0.08414544107052836,0.08732894715350764,0.10134390767056053,0.16670864075914107,0.10908455976412651,0.06991074499668928,0.15215431834865709,0.08464889812785266,0.08572599446958915,0.035336230140683024,0.02496608922200785,0.038784762062298646,0.02367368826435185,0.06166695058064478,0.06259186524285784,0.03859549981243112,0.08390105734542425,0.01712923651092364,0.0932680075995756,0.012410502915143213,0.0577309883018116
eskisehir,0.3081330118242522,0.2642321984600698,0.27613960598249665,0.20068589007066134,0.1902285332270553,0.27746735032952596,0.22045512759454344,0.22049261689931324,0.3067438777144982,0.1561183970277531,0.17857101735267528,0.051465720202262054,0.1990016440717475,0.18332299630116594,0.17507210466781883,0.25277624581803876,0.12276566485858505,0.06190826669678334,0.1801219894459111,0.09404090225732369,0.0917295794429615,0.08008139833113347,0.10568909036047902,0.11075304578426431,0.024540529600723934,0.06096577966171982,0.10128180834545199,0.04116315466086841,0.11869574864839715,0.060440815000418466,0.048722133277371744,0.015112977571728806,0.031903120094400654,0.0741360936504427,0.033428056455771696,0.06623329020406143,0.06263784679254458,0.020830565599535535,0.00017458746147726807,0.0267065119738311
gaborone,0.259634523955114,0.27916893591027747,0.25875092751426515,0.20516152830234208,0.2503300814960812,0.19036800006187438,0.16858429919440673,0.24784370768406716,0.21151837804629994,0.17977216937176632,0.2032219471685711,0.13480441428242307,0.19705372744080815,0.09288568528870877,0.18946716849150402,0.17326032291586574,0.2446084762165476,0.18878266172093605,0.13997184401224236,0.143553237303467,0.13458939121701888,0.11264672941526789,0.10935805633882634,0.10144574986192498,0.08050139622483406,0.10889142732186173,0.03051592066176635,0.05976799486080623,0.06199974286188547,0.03444252554515539,0.08277110757470081,0.05572760119677144,0.05044583395884681,0.1387876466616999,0.03941193334980969,0.030304988746122023,0.05327129234141393,0.05038388534529362,0.0,0.02142384023042722
heidelberg,0.2818312794327981,0.2717399858452555,0.260761149527825,0.21348636331192544,0.2230937274903418,0.24418457368208404,0.19680827911728185,0.15718281257460057,0.23031008451494397,0.1774993984151606,0.15186371118158398,0.1870405701172758,0.13739773225123547,0.2430174340053466,0.18872625204889112,0.10367660881162002,0.17377742354999445,0.18679748543369687,0.20059227568704646,0.08546324642607692,0.1108301855417763,0.1367396819474619,0.1853129934668774,0.12206422871144329,0.05787898820362977,0.133851521261667,0.13531462017844934,0.07851844274366603,0.09451306744425732,0.06662381587011992,0.03461304815786631,0.07960494185216378,0.010182549452329237,0.02215118870677199,0.007192135740351273,0.027316910639733336,0.05938628620706499,0.027103232193675195,0.04381521866409091,0.015164372963728183
hualien,0.26800027671684845,0.3439800362003696,0.2576511755903733,0.2376065064662129,0.23056539415244406,0.20813961607603224,0.1918024267699606,0.20532015015878263,0.12375813809198832,0.24446667333540714,0.2621002465520673,0.05668825165636188,0.20754258856654464,0.06613251511965308,0.21532548473302143,0.15000049891083778,0.1387008896382292,0.12302366281250449,0.1070578381545295,0.13874780955241156,0.07807009300941985,0.06963301132430416,0.11562275440762317,0.10005572534654959,0.08627065810541802,0.19468941364111475,0.13831118571315054,0.06421599883193364,0.0790706616265591,0.014216406433760405,0.04050314200973381,0.09473711367844778,0.0657038099250083,0.09413240881273854,0.005262449170452133,0.05411413229843848,0.03929394707690064,0.030671614865693347,0.0,0.058096117557375135
ibague,0.33460876716684623,0.30627914357291663,0.23945181787782435,0.10912923843523838,0.2363599309191019,0.18293247728588466,0.24319106417476866,0.3143706684131905,0.22636905503987734,0.2993180671834444,0.17433084602966395,0.25623727702201604,0.054944728930386044,0.2691864184417995,0.10672420633352135,0.13611354529069117,0.1520979368445285,0.011673394053742308,0.09796761362566136,0.0,0.0022633406262978417,0.10764663105301198,0.0017684511621379123,0.0536900300132595,0.11607646632638731,0.0,0.08822944832951662,0.05474873656985548,0.06301690372439328,0.06823303025511751,0.053826364071596036,0.08297352532912845,0.0,0.05962752095506763,0.0,0.036182745787462965,0.0249855047943299,0.0,0.0,0.07237512824735011
islamabad,0.29751338805132044,0.3003243569605153,0.2371665797616366,0.16284244366295858,0.24000871100411597,0.188138961384516,0.2229426037636631,0.17160537445966964,0.23304964112436352,0.2572507517602604,0.22089543471896134,0.17434209409614695,0.1813878687156882,0.16994520531083007,0.18749482567178818,0.189501301549428,0.13249363239523299,0.05669983546504321,0.18957623593224204,0.08477217380709148,0.08622384442894436,0.11768005189741633,0.09544291128652878,0.16708041297840823,0.09446569336984127,0.06622539553740003,0.08190065308805565,0.07406840217487032,0.09652834999624828,0.09507010589771395,0.07626774651121714,0.038092332062411256,0.08022462354672033,0.07798580487855733,0.04696852902903941,0.022526994949416373,0.06498329649643814,0.024671137280383438,0.06665932511197063,0.02556619034996119
kandy,0.3062888475025134,0.28337571256240135,0.27329092893025886,0.3049775524729585,0.2397619460918341,0.21597803825273654,0.20328643288202997,0.2584972294444444,0.24528799026394357,0.21088193549651466,0.1612897259678821,0.19461841386921522,0.2460559617893368,0.13278227523052566,0.06830135103721037,0.2352539768246676,0.11335743936329186,0.06294330422621754,0.10859085424027187,0.09186374668122059,0.05656640106453342,0.13676000276783976,0.0623765737914851,0.05384778965904497,0.042493096796559986,0.057606419322147995,0.05640410557206394,0.028969207093645793,0.07305921224961968,0.06817959940342644,0.058287336862130924,0.05052418064896886,0.061101580812894477,0.049680171563453564,0.03066242992262586,0.05113231372701265,0.09280141877730017,0.01119044443627839,0.0644750897900147,0.0007084675564194391
lalitpur,0.2972189787705017,0.3180729189219917,0.3522871903021214,0.24516128746100854,0.21129543826625985,0.16951414515181823,0.23031426857235168,0.26230494106585384,0.13136192621776202,0.15974449306586666,0.19349193465266876,0.13993587677916983,0.3153643130844491,0.16598227809060126,0.10425538244069096,0.07588953894035969,0.1491425864279575,0.07965891667353082,0.10050861174455561,0.09726674932741806,0.10612168256947507,0.12304937780767022,0.1055786678574589,0.053067017685977096,0.10199363546841213,0.07888120807369207,0.0686554564814541,0.13631382808805736,0.034185098373838915,0.02061055085464772,0.06641926541545629,0.0664597547035577,0.017571843877021757,0.04965822471288221,0.01238241017025267,0.013596191787566209,0.035444769392225794,0.04796769052407725,0.06755956183190374,0.029643351277642276
luxor,0.28237805889173323,0.3157792194242944,0.26202548960338456,0.19456470146042712,0.2867831641896144,0.12490879838572394,0.21151347688338915,0.2604994921608452,0.17052079367511233,0.19257346647928938,0.18901106465832415,0.1911990822808448,0.1832132461591203,0.19742867918999582,0.05814227578656146,0.17971283929405926,0.116476325984371,0.13187952940937414,0.20827127225670058,0.17434318037256083,0.1460773778791532,0.014938190143330567,0.039569608750928256,0.10285714156646801,0.005369029572521314,0.0,0.03022787368560833,0.07102665618665496,0.012544331267165868,0.027520626526497956,0.07799089985194438,0.014073494788815687,0.09166298613776122,0.0407834600059263,0.0019992639997813617,0.12385094176314722,0.04688121579489071,0.035167837285661065,0.13728958875205696,0.0
madison,0.34681370078067175,0.27336767286385794,0.29014126717746613,0.22090096884703386,0.18737899617433615,0.20182896085992308,0.25594481842724004,0.2073547385872265,0.10345142934514902,0.17582982557328095,0.14698297875583127,0.25488601434106767,0.15133438714345862,0.22193514965544128,0.14446206436501088,0.1635981335816222,0.07662756774462542,0.12981851422754853,0.16613021728807212,0.13032444307954094,0.11091588435485887,0.08264819382202591,0.10756894361954432,0.1503647570492593,0.07841289653210234,0.12517452262506193,0.05303997835042134,0.08874586368207958,0.051552528553356514,0.09502420614765085,0.017931594567611637,0.0006272842745432093,0.05126316931443811,0.04253741421577359,0.08957588040344122,0.044704476617575185,0.023198282702184023,0.08261652523453139,0.10008306383721,0.06204224851727526
malaga,0.29502992929300764,0.3026788446763365,0.26949215457559833,0.23430390553281424,0.20733190989809316,0.20790089632759864,0.1878894308803952,0.23846503381051606,0.22532995836084801,0.15759652220661655,0.2604683462691594,0.1286324718132389,0.11906553492777416,0.19652166983825847,0.1386715458968439,0.12161612291531207,0.10841798751871033,0.17362118783502845,0.12862871213389765,0.16020065530728822,0.14571881590184393,0.14507030055461712,0.13728438885176755,0.06484029634434621,0.05408841749527382,0.12272302117499545,0.03868305364924543,0.05317581888631989,0.08446447091130034,0.05573924199930537,0.04392849057538988,0.04382055084204685,0.1458039585864242,0.05452959848292792,0.06871514643276001,0.05532824707840766,0.0501728774553796,0.08257612447601455,0.049524197015376734,0.04203153256201
manama,0.2623220457049799,0.27346578615730205,0.2715936680235599,0.21867247178044588,0.2283671324194052,0.313375079789463,0.20486441329033545,0.20669968234572592,0.26971362151456785,0.13175270130684588,0.20862585730962474,0.1968580357860988,0.23701029679323243,0.15349188214351658,0.1401026594510319,0.18047824242537888,0.07379875026973196,0.12680478545248405,0.13886634581883597,0.09609133573405383,0.1106093926500326,0.06354379481201766,0.04784476811093891,0.13112031464225304,0.1565307222944641,0.06171164767108856,0.09931276420171206,0.09583213815551472,0.08564448250335922,0.05819923430873909,0.041735340743808004,0.027166125725774464,0.040028336643196,0.046671692758424026,0.06095689741656839,0.045188685598076525,0.05782236707022882,0.0,0.005712340641950627,0.025500356873043414
margaretRiver,0.2992011600568088,0.259789032450222,0.28251416736349705,0.2903457297828258,0.26162637904688757,0.2494000605917118,0.1936796097158284,0.2305190513810575,0.27669942058444497,0.26173261980164725,0.1809735548071428,0.18635353400111168,0.12946517905661248,0.1477589568572752,0.11502981663784125,0.1196920791400755,0.06894699958363161,0.09422958747833379,0.10217826411833872,0.08817198648555555,0.09815225278769642,0.1297474816976893,0.09443782006884542,0.04975950558169011,0.17409964958919763,0.10032190676286655,0.10993775385965512,0.04343418593434085,0.07961474582712436,0.03228849028237797,0.03438686905652037,0.017424511088491496,0.06185946490386026,0.10719300611945508,0.05420117821475439,0.034666930901912474,0.0,0.011050838386713375,0.0,0.07538607261138057
miyakami,0.22646476158013495,0.21902149127868703,0.23077798810189462,0.22458724772995983,0.26478790312236383,0.2518943199334111,0.23762699982824642,0.3069985722206726,0.2149279968707415,0.13347700558107256,0.06385990833071048,0.03163027415718026,0.21607334487777205,0.2238706329552079,0.22285284560500063,0.031093302510575814,0.21259259824735185,0.14254064367005237,0.08692659282486907,0.09250801849230415,0.011263793208865022,0.18274020433994612,0.060275104547332155,0.01766867694817495,0.14426273209112322,0.0971168120208581,0.09557067137251289,0.04500113340018012,0.004481137629924865,0.0,0.047175705715958104,0.0071015513979470314,0.023042362151391178,0.08565807467189161,0.0903021848332994,0.0975279204886706,0.1123602115516207,0.08732754733213924,0.059366731248227576,0.09587762186652744
nakuru,0.313769832702819,0.30308191668651774,0.27403179264055094,0.19073252433429558,0.2700339234849625,0.21313543241801336,0.22490794838681769,0.18896052741585082,0.19706745185420235,0.0919250187635885,0.1867240223397227,0.22341018118767575,0.2084343302667825,0.20618334784433073,0.22355316514793455,0.2060243619931309,0.08925851229945794,0.11941446316926792,0.1369626601849251,0.09244341978988282,0.12310911754061328,0.08167652331254119,0.051009109714318684,0.13279147202885025,0.05939427166545231,0.09266508611559757,0.06357821398232062,0.03844442729141822,0.04410673424521688,0.04341988942476048,0.04770529383950321,0.03982520355434139,0.03728228073374915,0.03993562152582811,0.06604532406306435,0.08107443566587597,0.03158800750951331,0.03547729688698799,0.10487057990115628,0.0008817801654140779
okayama,0.23385578249760258,0.21593354735186832,0.11114653833416535,0.1748391162017654,0.035285525941926396,0.273796594667203,0.23412822896707522,0.2310867957605475,0.22353123684791026,0.22296747721852656,0.01780444659534533,0.08009965076624917,0.016364205934644428,0.0,0.0061289612556966,0.0,0.4175769204395456,0.25609882578710313,0.0,0.0,0.09287293023267502,0.08799702926674709,0.12385963937227273,0.0,0.31371573899848004,0.0,0.10020138442704521,0.15904381109276827,0.0,0.1576995941777397,0.08570110123461998,0.14450371819213526,0.0,0.0,0.0,0.0,0.2771786454228742,0.0,0.0,0.026641371249437648
paarl,0.3296788548855227,0.3386758955429702,0.28008722998899865,0.19816409378810657,0.19468172424510982,0.26244483876768215,0.20652906554618786,0.17924482215973125,0.22653458392823161,0.19845657025184404,0.18923451089632407,0.16210072490598493,0.13414740086923696,0.1632621578542782,0.10672008201208368,0.1840236380560734,0.10898026296798781,0.12832030268510847,0.1528645403530574,0.08449881037104338,0.16785296768227712,0.17449231042438604,0.09647726025656783,0.07951331277943144,0.04480224592759884,0.057951255979080074,0.07370289131259003,0.10552469386993787,0.02854298585198266,0.03348980123958059,0.04933612706416504,0.06639344483026552,0.06551893771013455,0.04155859151628724,0.06788531974166806,0.09785314129024864,0.0595501660402584,0.051602582552754815,0.0517373024084022,0.05740970178784545
pattaya,0.29385225643467494,0.2283316593952606,0.28762007909138987,0.23929963704756008,0.27465820266912594,0.2622450043898034,0.2343224952994894,0.2450450861051373,0.20123103203943127,0.20782846901041166,0.17038768404090437,0.14484901917952273,0.25635334618491695,0.19265357674326652,0.17971255890138824,0.1477633330862845,0.09419985878433898,0.1252104448721928,0.11186413377000264,0.07247622393168958,0.06790257900286338,0.09627977493597734,0.06097293547913098,0.09491202980364064,0.13223144953072513,0.06678058428119292,0.04627892135697873,0.09555646694172187,0.0704867567645166,0.038589176304099186,0.08906378729420034,0.040859100093998735,0.05823246323045989,0.023881372947176436,0.045802801358612324,0.04143362271198218,0.048774705976210336,0.04761429696611884,0.044550963668836305,0.022222989618999656
piracicaba,0.2954303764650641,0.3197137232342106,0.1343537876581562,0.17018153747257725,0.24331183780424578,0.14882340284643705,0.2794913610864644,0.2582668887226037,0.12496776630121409,0.25259771410256665,0.05117964997085564,0.3125155296192777,0.31497776607946765,0.0764283322864715,0.08294688202332978,0.11386619085161251,0.04336667953654537,0.1945902826465002,0.1691156769495734,0.16207097573849308,0.055617232521701344,0.08890981273751579,0.1161352859272973,0.036223815345814,0.14676181802399915,0.06456924236661386,0.11918834419264207,0.0,0.05474487363168182,0.07082390485154537,0.06185010388953221,0.032718199164992835,0.018515132908905274,0.04125409432695492,0.052862018663560904,0.03217792789717923,0.0,0.02884088010810245,0.0,0.10736902903164425
quebec,0.30162315757729957,0.3045118102329808,0.3217779700048132,0.20648571046027325,0.24354086764232766,0.28028491546626466,0.24213289590413484,0.20729032087720214,0.24280127628631568,0.18824459098802532,0.19251829435344003,0.22384954552471922,0.14519175524651426,0.18521567440507797,0.15318819123263827,0.17616491494432787,0.11639496511269065,0.10787387952855267,0.11399699639917454,0.06883778537752722,0.04704393352667905,0.04886245581205907,0.09002774356683109,0.08597741264037606,0.051512645014830355,0.096338210964506,0.07676268169989277,0.03927366309821029,0.10487296067557392,0.027983644907928245,0.06149344060674815,0.02767869468704087,0.04957512709899313,0.03315011854482856,0.04292500611205055,0.08083993211831636,0.04008011813091995,0.012315907791003783,0.03678079231230924,0.029790761988004056
sharjah,0.30533903855801037,0.2743628858394049,0.2807947186448864,0.23363603364242988,0.2581563565688842,0.25619919151457266,0.18412694206134403,0.16198320180163284,0.2658630382465042,0.15640816581431122,0.2274318316384032,0.15949343658913376,0.20037487242274749,0.1960351060300148,0.25440205352158973,0.127637632570002,0.15000601893721094,0.11677780666410982,0.12048229839951755,0.08803897420907794,0.031589448002128456,0.049954491258610165,0.0670216616240541,0.06189211093201804,0.048250516477692816,0.07590525876508404,0.1255251116400974,0.09253562371008583,0.09254835889384211,0.038294979953237815,0.05743408995821748,0.058099210483888705,0.044951333568654044,0.008937729567533165,0.05713729758118935,0.031199425326903635,0.01889765313776962,0.05456435110896147,0.018824949262298735,0.03504236299054937
siena,0.29649863147772587,0.39019930836923067,0.2541996131344576,0.19492543047024782,0.21211290881197126,0.22863178623748742,0.32060021522560694,0.20626552406784257,0.1547073617018322,0.15791060179695648,0.14050506194448403,0.1701788462464353,0.13870107019032307,0.17457896973559517,0.08920230413966927,0.12612291709921808,0.16913976931363475,0.15103082002965462,0.10881378848574456,0.07056483133276509,0.1812408904230537,0.16135280161458931,0.11114904725384349,0.06429192207366993,0.056924135500391077,0.10921417607293961,0.047937174969838625,0.06317180389207692,0.08728078233033588,0.0523552354187416,0.022299610404151262,0.05783576336055815,0.02196250203560525,0.0,0.08918567890750904,0.07910970405283159,0.03619528507808693,0.049101966731801026,0.051760148300063195,0.023616904475943504
suncheon,0.3551207745055447,0.21304086238795267,0.19550671399115166,0.4200490272003171,0.13347416535804624,0.16428788357311516,0.3839824471788236,0.19430066938573468,0.11596075197126589,0.16490651009277615,0.14691240654218088,0.14907302969798647,0.22853284192742152,0.13509395459053408,0.16226929330777004,0.013864237834055604,0.058946260243454784,0.15071363476500557,0.10026272936787434,0.14988865071908986,0.07355608487423626,0.08024880629626864,0.0,0.146269701436671,0.057025471141655654,0.0,0.0,0.0734561445415267,0.1434853930633987,0.0,0.0766209217439961,0.054606422764867456,0.047458691289218646,0.07926885065720772,0.0,0.09455049056002879,0.0,0.09017014789399037,0.0,0.0279484213401317
sunshineCoast,0.2922310837642097,0.3145041371306477,0.299286492150005,0.25820892980328425,0.2139307236554623,0.2314163707274549,0.21349878972766032,0.22789543224597691,0.22352719511846914,0.22719517775150977,0.20524613782590675,0.2288177340223644,0.08602155349737306,0.1771213002075869,0.13425894741330982,0.12902404472606738,0.10710708963446576,0.0695119768494975,0.13544223746746187,0.05648423799056828,0.149326092252825,0.08471877336391054,0.15853220824859762,0.03797962867681953,0.12938282508152024,0.1000970382159151,0.022515016380331414,0.024910214492470228,0.06218782571720924,0.03504290434675724,0.034111680291901834,0.040544278152472836,0.04211833552426065,0.07238568560478284,0.045988346188814686,0.027643272891355628,0.07752325813049422,0.07006502904999523,0.052135208255715826,0.07028295910144122
sylhet,0.26293064788654735,0.30933231760618096,0.2990458269248395,0.1712596300156553,0.22304362460676494,0.1294816772522221,0.16163412689980697,0.16508084126588948,0.13063215011033602,0.09216384343302324,0.18972178114817057,0.31080761467443097,0.1925149642651056,0.0,0.23011863514168887,0.18217325195801493,0.20623513628931017,0.016132394607789636,0.002580587425786314,0.12312371379771629,0.06866059470876848,0.0,0.05747234853069677,0.023657504670706507,0.0,0.17090828523970725,0.10321191201468527,0.0,0.0,0.17431850669005552,0.08936541116362269,0.028151713965779597,0.1384738078640521,0.0,0.06854571436365539,0.015575837469662682,0.08696384682436031,0.029529263476216618,0.1398738788466917,0.0
toluca,0.2716646329881881,0.27247104030958613,0.3261777542784565,0.1419634619796395,0.18764928961058241,0.2030549903713496,0.1942845624964177,0.14429346910031454,0.1362727268041031,0.2190883166326383,0.21890866982115148,0.22928289491060264,0.09493315639144999,0.2501626009622081,0.17687188627796094,0.1898880141309311,0.1705955437192399,0.1684647765086006,0.10551681034969308,0.09138522994734832,0.06786973000975728,0.17864951717676814,0.07474486923224803,0.06811174004940022,0.10552780431611716,0.11659994645359423,0.06994756266361457,0.06215285008669414,0.08922184070603012,0.06334532128156184,0.04464749019543774,0.12090216159318042,0.04813150954681122,0.02488792761648382,0.11255506682844771,0.037467900560212666,0.02771085252470591,0.021515639167091514,0.024105916181708667,0.05660201662688048
trujillo,0.2516301881785778,0.3216576073489373,0.2465480192986502,0.22602755121540555,0.36968420432792376,0.22019092061507128,0.16507439696797224,0.2618168069554473,0.1745865376327359,0.06996628144710496,0.2567214596241498,0.09444036794231643,0.1575616036039882,0.05554603934397967,0.1780044088520408,0.1255591225138226,0.06053465156640271,0.25910150433103857,0.06749649475913502,0.0961002172105876,0.17202807514037646,0.09353501658327856,0.09646847155955028,0.15809700373083027,0.09682358077720435,0.02733496611468063,0.05364675616635754,0.04682968085351024,0.11180293023659443,0.02096787428968538,0.05555640795966209,0.07341322533457713,0.004541223251181728,0.06670429000355643,0.0,0.06400268275188437,0.001317391263276148,0.021223911444759058,0.0,0.05915749268823368
varanasi,0.2325063672989112,0.2232710940057684,0.3124540303765819,0.3482279050875492,0.16585338732835947,0.2552600822750194,0.13606350529218522,0.21797874529492395,0.2112873184653778,0.24828879066282064,0.2083843871656646,0.1735355825447591,0.23644067039164407,0.08083954450875312,0.09458112717606423,0.1303025347875991,0.2934832283826496,0.0496846340907647,0.13525751178150416,0.056597225893757,0.13802200917266816,0.02341562643737783,0.05340570895373319,0.08450151814723017,0.11696130696670858,0.0,0.07532836227641954,0.08661986809765483,0.05066508258400865,0.07539335920835635,0.027039122303080716,0.09048931517454695,0.06322262645846867,0.045802718380157,0.049153539241343774,0.014736872936357101,0.07373206912777786,0.0,0.0826841453024619,0.02904980872784641
vitoria,0.24530792366450496,0.2515787236902218,0.2739665634074358,0.31480077405222495,0.23723045389887346,0.2596603844981568,0.1608420657625006,0.2187123525769338,0.23485075534350244,0.26420247292162113,0.0921423288871666,0.14422887191360723,0.181998300344084,0.11801940007559486,0.17459635798367598,0.16315340436712347,0.11389144835274573,0.12315909525273631,0.09641316287443828,0.14571736699978735,0.09475992397394378,0.08201905803250134,0.08229203315052448,0.1817929423590803,0.08764058857777869,0.049829016206802766,0.11723238784684192,0.040028105952439524,0.06221533869507256,0.06837648720909896,0.09549940852266016,0.05471294104919144,0.07816166541273724,0.07544085843309474,0.030256837688103725,0.042120087553755466,0.042447104350928015,0.06702966584104086,0.037868938466617603,0.04885633468444973
wellington,0.29267633782108904,0.24930069453875495,0.30227547774713814,0.20406210968663752,0.1889828526497256,0.27923610512642494,0.22257120816906129,0.21499592850833937,0.2536417352278882,0.18327306000598295,0.1951045562978872,0.13613418230820692,0.12192657081228238,0.17262968474927412,0.14955510947806921,0.12751581261535327,0.12057217426924034,0.17109039784671687,0.11067153186639808,0.11447411139043477,0.1716509862302341,0.11165913162806207,0.13972560928774033,0.05299331431798722,0.1320278487018604,0.11761756683139714,0.06811190971485014,0.07579649213646406,0.09359225503923176,0.07758779865335454,0.03345999885475009,0.11175108533871844,0.05646991023844216,0.05756124155232887,0.06645493431740565,0.05245632093839167,0.020762071849430172,0.052970936162364333,0.045119015961524865,0.06665805649565117
yamoussoukro,0.24554892198441153,0.28113930232235324,0.2460951611493272,0.30201651511230015,0.16035645516820518,0.1818272735314775,0.19688994716568278,0.04475890284790838,0.22573750641091528,0.13014913919175425,0.23664437175224495,0.08382245022287593,0.17078617959719541,0.16891052847609883,0.2118601002924698,0.22282557763253838,0.1912630690672243,0.13807838284862556,0.16615196828248419,0.16536880807055795,0.1075101003003046,0.05923684812830698,0.1010432242545049,0.10128821572165542,0.07686418281492599,0.11132450678886077,0.06831632909251838,0.11030593790251197,0.028601011881138432,0.09890038635453817,0.15257642124651832,0.06628036674205862,0.06743336782415783,0.038975674428418164,0.021280061694487692,0.003325242116944617,0.0,0.13741338315336746,0.06013895089879568,0.0
yerevan,0.27664038744452474,0.2686282910677035,0.2913503938207737,0.21376971484858132,0.29911640442599197,0.2585571959453389,0.1855258736214718,0.1944737533417859,0.2397700527293858,0.24201968483861624,0.2820688823595487,0.15780085161423496,0.18932571982377627,0.15967922435114087,0.18364374564235078,0.10081783220150495,0.06823608604510148,0.14206011932983173,0.11373740723048135,0.10602873284001223,0.08563778032747739,0.08869783730879814,0.06119842430159572,0.07359411598267783,0.09923931907824199,0.06481098498665694,0.0648576414744562,0.08170644118962975,0.034548946298917076,0.008099097454619321,0.06929471757302165,0.06137360582330466,0.10004990983766313,0.021406415719038518,0.04574743829868202,0.046374630005864156,0.04170807462715659,0.02896820511955402,0.0343812241370991,0.027749972204025752
