label,wall,floor;flooring,table,ceiling,sofa;couch;lounge,cabinet,cushion,windowpane;window,chair,painting;picture,toilet;can;commode;crapper;pot;potty;stool;throne,door;double;door,curtain;drape;drapery;mantle;pall,rug;carpet;carpeting,armchair,airplane;aeroplane;plane,lamp,bed,shelf,truck;motortruck,plant;flora;plant;life,box,hill,traffic;light;traffic;signal;stoplight,mirror,animal;animate;being;beast;brute;creature;fauna,bottle,book,desk,ashcan;trash;can;garbage;can;wastebin;ash;bin;ash-bin;ashbin;dustbin;trash;barrel;trash;bin,seat,sculpture,vase,fireplace;hearth;open;fireplace,wardrobe;closet;press,barrel;cask,screen;door;screen,railing;rail,waterfall;falls,monitor;monitoring;device
albany,0.2912968204662522,0.29125647001193355,0.2486184465159641,0.25238646040908796,0.25919564182797955,0.2487048652297331,0.24067805139490597,0.23893398057913573,0.17357050609056163,0.18267581725904228,0.20250971812171567,0.20615844620512147,0.15790324358868396,0.21471850966808573,0.1762305949889898,0.13028308373822545,0.1780278731220601,0.10118027959047989,0.09232641152459796,0.08252713236502199,0.1275177549098869,0.10324333749412735,0.11990001660955363,0.10425013536109828,0.09582178017926485,0.10559372146845283,0.08826353584540142,0.07974978495556387,0.037456036930648175,0.0528288004361319,0.040210342078849,0.06523802590367143,0.04772355377213092,0.07838734466955864,0.04192908896127566,0.03238293410686781,0.026034630397593676,0.04826034992453695,0.05338407132527581,0.033592686455109495
amritsar,0.3091354976543425,0.3091081058665417,0.24734935893407056,0.2318046744579662,0.19012263195153326,0.24141651071040823,0.18977028919027758,0.22518795686048468,0.16934842778946207,0.23110958784652913,0.16541522218573748,0.20155792854390292,0.16636566235600692,0.15399203619246057,0.14817163578805564,0.18987944740652593,0.1250654294569833,0.19389130100038837,0.153144926205835,0.12934018116420448,0.0831019110776134,0.11862418382907476,0.09002099196545083,0.06897820030674646,0.14720989458607514,0.059046228023406026,0.06892655964145869,0.0650976588971914,0.07438636172872591,0.05898070756282838,0.07105611066168843,0.051999450265669954,0.0996819741199566,0.07685461812718485,0.07130174889898884,0.029206569514854046,0.04749297450242369,0.022891398166219507,0.034725181315491876,0.04544376500002363
bakersfield,0.2926127257572987,0.2926056026838239,0.24748501217977034,0.23986925864605504,0.2507038599372041,0.20742046825546293,0.2055172007741461,0.25354706430413354,0.19298759272027188,0.2055523489569788,0.19782152448233434,0.16852376546971862,0.11686375115829753,0.21851130744771335,0.19730193250667039,0.15104467865255117,0.1642786181256062,0.11628298085931127,0.12112297146095728,0.09004154974985025,0.12830366114694394,0.10701576721816754,0.09285579033511672,0.10628982440394272,0.10446349842740096,0.1006196961119225,0.0854307541235087,0.0802958256553823,0.060524006471600666,0.08223443638795722,0.0388604721087338,0.06651333510779305,0.03391378330407397,0.09004653370991576,0.02619788863420662,0.04729291935057361,0.03620883215149239,0.046235565322607655,0.08944638552330322,0.04852027705092414
bath,0.297304669023567,0.29708393239897013,0.2568033894361069,0.2640674761198637,0.26132158416895496,0.24233176936029513,0.2574128000710396,0.21075840231297832,0.1839463343178875,0.20957348670550197,0.1661492441252325,0.1899582706512819,0.133036930204855,0.19297851130192983,0.18264059820684617,0.1448894075494657,0.15241984095014097,0.07589635019676942,0.11713888342928692,0.10128845463326447,0.10309927684166285,0.09768986280164065,0.1235120653638554,0.11737773042234068,0.09187815018945769,0.07089393251747884,0.08757923643748008,0.08809185461396381,0.037624958368119875,0.04648428344807292,0.019261011841778895,0.05820829722654943,0.06405586334983407,0.11996276816987263,0.02069866037649319,0.07065261704287773,0.03526558262373583,0.03245283406416146,0.056709255024574454,0.05884917793765758
bordeaux,0.29529502466627916,0.29527897840984507,0.2732212903079097,0.2176556762750905,0.25080781312424344,0.22808208932773866,0.20286098107051012,0.214554077641665,0.23348340417434976,0.20547124145583687,0.21443552684680792,0.17262126480875792,0.13535929823956316,0.13766650079775095,0.18532727574427396,0.14125195106738953,0.21156268812481335,0.12008625920148502,0.12875428411224416,0.04652544728868977,0.10289138220648522,0.11918428879108774,0.13304038044398886,0.11651083534686538,0.10009554922505448,0.0810795456902361,0.09567749964837473,0.06654808775461951,0.08803444695341842,0.04825335465952427,0.04990408696963617,0.06271331416730168,0.03753139820175568,0.0781411554741463,0.041493228706928335,0.06288905507135026,0.04697333386044774,0.05382365588748168,0.054322061656013595,0.0486704796859234
canberra,0.29242225706118485,0.29241222864393485,0.2586928691809658,0.2572639620749382,0.26021427792822827,0.24321690677553523,0.22756373449290898,0.19572133208818593,0.2202277885964247,0.1966281457621728,0.22128752119436046,0.19078718716909682,0.09856022231088614,0.19745171790300795,0.15117872529249288,0.15868513435018136,0.13891248455777236,0.08712207739758165,0.09444913371269704,0.1850388761382596,0.14160684218011874,0.09086958979888057,0.1090654992553969,0.09479429146093113,0.06914100634507994,0.10644882630027407,0.09551932491354971,0.07932667244115725,0.0607645578340357,0.08584794437853632,0.056133560330048585,0.06948224262758433,0.019342699003117494,0.040013494866627794,0.03761703376381199,0.04504438150526856,0.03494142985894931,0.029190597846742335,0.05319868421050676,0.0517752139066604
cordoba,0.3122054604923583,0.3059420023269256,0.24482873991768378,0.24535438008000515,0.2352391891798995,0.23970993190600584,0.20874302223360064,0.1836544504027128,0.22755775200803852,0.20830795807426808,0.15740922660268772,0.18609403793665805,0.13399490367240288,0.12547036010723872,0.14815204797701806,0.17283128622525576,0.18019298789627272,0.15444434897750856,0.17308507310812532,0.07046138209937279,0.10784355257096163,0.1177452965701771,0.11788773840384809,0.08385658495182659,0.08374398835069391,0.078437670913347,0.05936720048629737,0.05873859484880982,0.09790596049180254,0.0816384077986956,0.0809042897514511,0.04927370662562275,0.04520113718805229,0.09333435523492788,0.05437970365785045,0.04543125938830583,0.05916531010613544,0.0474372532779438,0.06890569836049716,0.05357338167034925
denpasar,0.29355154893268537,0.2894631916050436,0.24268478667347643,0.2622412957701804,0.23806737872163558,0.22281600461115067,0.23379926769471215,0.24422508624311703,0.19122012444657874,0.18051504654387282,0.16669245891027282,0.21048931029975004,0.16207671348831956,0.1337313729976008,0.10089228504267549,0.14918656302496047,0.16725869718627515,0.17132061581752783,0.10864932727871747,0.1283960489064732,0.18919713270776717,0.08945219386046845,0.07775749095078828,0.12249675605107145,0.10261648544525862,0.11960107048532938,0.11377412334757621,0.09538788685603802,0.0564994650482237,0.07745438992238401,0.0542830398388761,0.05081073474498333,0.05618093231110772,0.03071647925540825,0.02411939746316442,0.04882588436442106,0.06857483175352401,0.071510691192724,0.07314358049106423,0.07711555591314102
eskisehir,0.30180793118903954,0.30178790435562575,0.24369364723363113,0.22622328981916281,0.25979380170409894,0.24645304931375336,0.22169392359786638,0.220980378131923,0.19602248146595108,0.09075150998359205,0.1669870319186547,0.1600339213498744,0.20701470366982747,0.23392730262018321,0.20365664806840136,0.16732384267239436,0.160212333791378,0.16245056038585765,0.1034467370558155,0.018680179316751838,0.0962496896780648,0.13593082950333027,0.11036569012133761,0.07863731549561209,0.11276147694545512,0.08361522957050495,0.10392166610524174,0.057522043839549314,0.06646610284884846,0.04079566938288463,0.06753806814873282,0.05780396768938693,0.016011911481905162,0.05690881156276683,0.053880554580483006,0.047443840873317454,0.04145220879937675,0.03394335870177766,0.03319618069500426,0.0330791142186278
gaborone,0.30651116007822643,0.3012173963078388,0.22881825939050376,0.19919370845415266,0.24299330237878464,0.2426969171827869,0.20019738551393357,0.19210658331010436,0.19947891461712808,0.16828726957090911,0.17391396184528837,0.10013855853121532,0.22707217963243112,0.20752255635336525,0.20204360300086777,0.19958447802352147,0.12551514005861264,0.17923959965618289,0.1132390563526286,0.09680536307905031,0.10975458810443019,0.12759675874473425,0.11720190502476067,0.09926429482200977,0.10512717834717053,0.07904845290590669,0.11006888705867818,0.05258325889585052,0.08427424359297242,0.07559594334681366,0.056453847676841626,0.04514480976386315,0.019358137299538596,0.04212137884120768,0.04065786927002221,0.09718861177332903,0.07273234724650542,0.04717581953117848,0.03871686207406514,0.03623975503691585
heidelberg,0.3080199648397778,0.3080084179939916,0.2624829189360188,0.25550445631750124,0.24391052071125394,0.23785979228256884,0.2051795282515265,0.1992163250663288,0.21968536545010298,0.19911953984026265,0.17162527097946573,0.16573995019072096,0.13933748036171173,0.19575531076771294,0.14201129878800714,0.15068842606556113,0.17918284317282043,0.14733036278793207,0.12966313261994758,0.06344753725306637,0.14110190049063664,0.0866247587874479,0.13201669326979074,0.1069812390905415,0.07563570281751335,0.11745468612852598,0.07952222114252185,0.053989178062969774,0.09359698386846077,0.07102786513414788,0.04659191907734329,0.06410087762450978,0.036139037848265436,0.025916557383751107,0.045155834501346206,0.048635142369049006,0.0689438760876962,0.03457263192771548,0.06182712637853884,0.04168117109912799
hualien,0.32444877692029955,0.32443550642398133,0.28781621901321286,0.28282939202435464,0.2071156827574699,0.23995612492432655,0.16624051377661753,0.21593677540052103,0.19649891362344177,0.1493980869478421,0.18958474031880673,0.20708718279393465,0.15756789864651674,0.08280392849881346,0.16270333027780867,0.19849529290099194,0.0987933982996349,0.19139365858962576,0.12435937649283743,0.15236729870738674,0.08297531638460942,0.11491249028718156,0.07808826666303202,0.040926446264199445,0.11551493813046355,0.09085627806909503,0.058117806359467436,0.05781376528921059,0.10852551354426757,0.04908865592470725,0.04816896931387346,0.04010854728918985,0.041151184937271594,0.048047481851958576,0.08271140145299098,0.07311871377457634,0.06640709927309818,0.041535948274818456,0.02418011784429879,0.013764119263398692
ibague,0.31315878302827194,0.3131531089763224,0.2679912222523262,0.2982176162442043,0.2236676576298084,0.23806551111505989,0.1785084718067092,0.25234271793732926,0.2234132538501085,0.19374086124940335,0.14856042818347573,0.28276870810599564,0.044141796124063507,0.11928573662421521,0.14817331607342082,0.1543091020967097,0.1951622283217404,0.11923119600788774,0.07448049931338709,0.11502108189755142,0.02977088164906682,0.028626742277924774,0.058483316943835434,0.0724820529633766,0.13348766804831694,0.014848916645320936,0.05963329230270293,0.05945590897738771,0.11877207258443244,0.0,0.04472630227236493,0.05821131188627458,0.0,0.014907054358039356,0.07444327410957594,0.10133071413022272,0.0447102912479304,0.05948160708413853,0.014659889191117752,0.014887284258620136
islamabad,0.3136436420723939,0.3136322890178929,0.22054905905987843,0.2540324183058068,0.24637898649090983,0.23612808498989063,0.20042560338428395,0.15657929367578136,0.16823642211910858,0.212409960004928,0.22716074487554813,0.20323242632722247,0.14685941460888527,0.20999391517863494,0.18336267719951274,0.1498483739984859,0.1442091156370054,0.12698383642247765,0.08234801695195838,0.14746313038861672,0.10838957942394048,0.11066921079957891,0.10052335520724637,0.10565872714690018,0.12923174421675365,0.06449091588543111,0.11311315561629719,0.06559046646244619,0.07084965161831186,0.07056386636529416,0.07045756209727283,0.051877352432457544,0.07237111853631845,0.04663693196058172,0.04979190574222882,0.06438365213058711,0.0339006050034515,0.021768489350412316,0.03363281338311541,0.031020668138741776
kandy,0.3124296395093331,0.3070273357327898,0.2523889985477665,0.24234199827174174,0.26322306532934525,0.20412762629082015,0.23673774402391953,0.23678223203176815,0.2400098274255096,0.19347351465448628,0.204623698180892,0.20978919756413889,0.20845313777991936,0.1182508341728904,0.20263914771276653,0.10752607569192733,0.1553012387935397,0.12351828323622284,0.05686677683441247,0.12373664761324783,0.09803311985912762,0.0732643211939786,0.069762072881251,0.11609470714197798,0.09408424365039522,0.07775203545554865,0.07186530336923819,0.08589845577350134,0.052575759687316634,0.05597309642447364,0.04789116087413097,0.040700188865043875,0.07848736155878457,0.05333321301955384,0.062150297472508075,0.04299041666604653,0.042588366656638926,0.0668099174580008,0.024156974005203623,0.02153496414633563
lalitpur,0.31023759963628067,0.3102226810985991,0.27431091582641964,0.27227605972360686,0.22028587761644855,0.2544649850011722,0.16812793798952227,0.22007926741996528,0.19495484211432454,0.19417624090542226,0.19153782251035464,0.17349521865279088,0.2791178774019418,0.13373858245925033,0.14468235570021018,0.13406579387597564,0.14113096011587778,0.14516230830584662,0.10957708771757772,0.14263993825346932,0.10848242927050086,0.08489092107505987,0.1136401134979453,0.10471421035813713,0.06359828807512302,0.09201660784516226,0.033364416465501735,0.10786512129825421,0.07776359741213917,0.040859748165069924,0.0446975972849268,0.02405015780099416,0.0846735150577674,0.013710644167984745,0.05975655576823062,0.04044947329635107,0.02740370639521277,0.03402576355844675,0.03996863023141936,0.020307643562562375
luxor,0.314205386731866,0.31419912458551197,0.2717953390463069,0.2675491207791879,0.22107063034458413,0.23259101063524804,0.2440557975122241,0.21513742668491953,0.20853523204450747,0.11464674904647544,0.1742587370486026,0.18574913485463226,0.17440974900418002,0.2210361329228284,0.17390073391895658,0.12594944207486086,0.16974667453386055,0.1726359987147333,0.0801297437676292,0.09683557886933714,0.04635495571017183,0.10032248896078311,0.08069454421303787,0.07898877984895249,0.11596575143549917,0.011622938994631694,0.04525202630711061,0.08076225224857018,0.03101283333867165,0.057778610605415365,0.06953490707532572,0.09057479932567115,0.13474893895453266,0.011632467531182527,0.045646282689093876,0.043218184419406794,0.052265644881811235,0.053271654073350834,0.02160352869364332,0.0662189192575652
madison,0.2954926491883991,0.29252478827652156,0.2586177695204134,0.25064389417895544,0.25974873701662493,0.19155272801706802,0.21524824245082796,0.24211697412333633,0.16988969763758902,0.19763161298265197,0.1980121907126942,0.17234733386871068,0.15008109366722605,0.23329246626719718,0.22141214045262897,0.1162395136117422,0.21173789091579992,0.07969821468033472,0.10409739540600564,0.09978691561216788,0.1049409441002604,0.09686392174227651,0.11112671695763186,0.08852755400800726,0.11928689068723304,0.09309907272198668,0.08202330412607058,0.07568189818894556,0.05538182509841116,0.06349242927245873,0.04222059726494708,0.07004851713255411,0.06786110077209015,0.07974949133900507,0.0029544652323537095,0.03696529460467541,0.02238074241534408,0.04006880511038657,0.060136762604932656,0.046771035518969856
malaga,0.2996733345757382,0.29964724192746006,0.23879716115412114,0.2515176057915457,0.26667685924013984,0.23031330807477374,0.23643672120786502,0.22344383009310337,0.19375001016448729,0.18546844551361533,0.22717156665095237,0.17950770280904077,0.14902867609667106,0.14950192316309563,0.1501175717127854,0.15235107072931,0.1891140399517259,0.1068316233288228,0.1440162829776704,0.06979013020678976,0.1462471563626764,0.09673263978040467,0.11472286275589516,0.12896449709472213,0.11535743744522715,0.124781295524083,0.06755094217470878,0.08009302266693416,0.03822660755081784,0.07237699529753464,0.03841957208317705,0.043328440162939914,0.054203432408503345,0.044567158510759305,0.04366256746930723,0.026586058874771903,0.03729086115894009,0.04554874384793743,0.050636780346663704,0.04983795532114388
manama,0.2948262087205004,0.2948124104207279,0.2645281569979858,0.25484062295266985,0.26981116203279604,0.23877842000619257,0.22721291850517725,0.2023422008657858,0.2082835401205847,0.17959068842465856,0.2396074274971841,0.14930881342011476,0.22979618982774858,0.17341395036939458,0.15697874151033397,0.1556073676271885,0.16191943857725188,0.09462342477520665,0.12868630625657868,0.14859095666178887,0.08386901359829639,0.09289487415212373,0.09757554679038168,0.08930562022404817,0.08465666350318404,0.06438974426057777,0.09790789481400032,0.07764104725718392,0.08180899152256052,0.05256446573131485,0.047835267991209844,0.039316815147456365,0.03387421849957218,0.059053359811527574,0.028537892010019883,0.03194432552846664,0.04933268897715165,0.023958397863617906,0.01812370154798149,0.029849492265201453
margaretRiver,0.30454196508446985,0.29828057837917044,0.2573737123148306,0.2740601741169156,0.2679380668298259,0.2354963141507083,0.24019359725991116,0.2520656940676271,0.22718798049109484,0.20077791809285125,0.22087782210640447,0.1915502573228395,0.124264492419578,0.18998588249907825,0.13489842411237926,0.12965849535314825,0.1629248338136699,0.08603918358901616,0.09294261460980574,0.16882304137511694,0.08715404933107253,0.07922227354199743,0.11068126719774907,0.10043306944600816,0.05071232955018985,0.0812141784345963,0.07689804901837517,0.04239137689782162,0.06538537799296897,0.06657513779059028,0.02127655488537248,0.03833662306817672,0.034138461655192395,0.045625953952487426,0.015141185165357071,0.0678421594008083,0.018211650147434106,0.027018925267921996,0.02653359656399617,0.045413632431214726
miyakami,0.28266446475988183,0.28261251554494554,0.2687205583644272,0.2557318318523914,0.22796893030802337,0.2418957681678412,0.18698733455783073,0.2691671876377936,0.22749222438841504,0.15720986474469043,0.10706352965391962,0.17484255004001004,0.1838982485072252,0.10762445501733835,0.11418532760046655,0.22587843211311115,0.1848971302702858,0.18704745202582962,0.11699411730865439,0.13373228736272788,0.07948351414198877,0.12043472317823041,0.05312413067525043,0.09351485552121477,0.05122665619997907,0.0799663292197411,0.09367763222482066,0.0670789175586456,0.040333875250611544,0.06601310794728785,0.04005552326283317,0.07987105209822469,0.02687250982165798,0.040368836904400233,0.0269110999170679,0.07767397024973813,0.09325711152929056,0.10699696880321169,0.06691115819377214,0.03896847135707668
nakuru,0.30994068128237656,0.3099144117771334,0.2621947489226821,0.2261549677896525,0.2787040176057607,0.21517696843483192,0.22601985133249936,0.1972184360954348,0.16901345408757668,0.22439524467048225,0.2233838152435362,0.10042463323228792,0.22668005749695316,0.2131356327696963,0.2012673910698363,0.1543253197251091,0.14149262019984232,0.10476695870575442,0.11723817201714055,0.048648228132620756,0.09252374083750173,0.09906809989947209,0.1054111423074125,0.10834357002983468,0.08103748173746968,0.09195705463995978,0.05428683766770287,0.0734973428363256,0.06376503921846623,0.05496978003422059,0.04869450309477136,0.03900235699732553,0.09804588821120724,0.052292036670216105,0.023306040060673446,0.04935544924730867,0.03379728674169276,0.03510591211124079,0.029701660502915884,0.05184738224467558
okayama,0.2870332870423016,0.28702403149732836,0.14331815200605014,0.2870065505093089,0.22961953376270217,0.2378737086971055,0.19101095144949662,0.2867893885367897,0.08969164847075935,0.2868848257889418,0.23483311288858152,0.1913165562059262,0.19102932623466348,0.1434202921081244,0.0,0.09562578049802313,0.0,0.1913432342510258,0.14315285294090888,0.16478226750643393,0.09496455633155824,0.04756618114124905,0.1432234931385066,0.1424147077410026,0.0,0.0,0.0,0.14286248789084333,0.0950921116532269,0.047383935236493306,0.09499490587609823,0.0471147083317405,0.18916462212555835,0.0,0.04667273170573919,0.0,0.143412174666926,0.0,0.0,0.0
paarl,0.2988221018630474,0.2988062466631632,0.26407500729633715,0.2230059454432859,0.28667819941957046,0.21004145046458642,0.2610249340001323,0.21163174225718823,0.20007987573994038,0.18742478363939377,0.2017762126770999,0.16327456016370984,0.15004727923201067,0.20179410988149135,0.17258211905878065,0.10310921662438666,0.15379900754127196,0.11175512460517309,0.10858905820424113,0.07516218688570529,0.10679459229608054,0.09969743022617736,0.13734298942359466,0.13332388561861197,0.08831779384577539,0.06693011699007342,0.08035088000264147,0.09479813140493742,0.050452652558149846,0.0716269262058747,0.05789726968957294,0.07104260776706828,0.03286597094410882,0.08325530696678152,0.05464048752834243,0.03423617093675393,0.05656877482777458,0.06168370384028809,0.07263605543773476,0.06529311745752395
pattaya,0.2880420737627874,0.2911797683130248,0.23141388627955897,0.2824352934661534,0.2493605307440168,0.2517348106214325,0.21491677347442306,0.2181684631756394,0.20554998162015822,0.16871779518419666,0.19580525462306295,0.20341957663069316,0.2101819772329845,0.17153664765089174,0.16101983555037108,0.15776072018326065,0.14565726357582645,0.13888712711558612,0.10559573018870104,0.17962776524118992,0.08308122738591142,0.08039760822724461,0.08029568126952749,0.10445968168110722,0.11480939386087399,0.05857886689266015,0.0833366832959701,0.08820912002319072,0.0631590500895864,0.053402732803048296,0.0719875664363168,0.05398695960211635,0.028887543224833827,0.02575557642552022,0.051507570925073826,0.03670954158852471,0.04913023061434055,0.03401262440750685,0.03578709400176021,0.0433286917994846
piracicaba,0.3050220078478276,0.30501545981899375,0.250081133849732,0.24833600558323543,0.2829777083469857,0.23920089688939425,0.22649209636716636,0.21044591289440603,0.22785336112146395,0.2395353148809937,0.08693334240317219,0.1851682168684466,0.19566362301590973,0.19556898878143505,0.14057685255584668,0.18173998123129753,0.13546692057483123,0.08665647198045622,0.14642829051359654,0.11552707376765961,0.11422028885428531,0.09467613447341164,0.1148389212492666,0.1381318799880065,0.0434083709237597,0.09783870238262023,0.0326483939208177,0.05366781942230085,0.10695391534790867,0.02121126869109712,0.04168999971841841,0.04022917998424893,0.0,0.021145980520111924,0.02829386696505553,0.02175296002595899,0.05438661171659871,0.03259603182196045,0.029347235650853877,0.02175146973271189
quebec,0.29942575716272607,0.29941892993490754,0.2765394350423947,0.2664695601298435,0.28126740777291703,0.21833820550922461,0.23928109393400443,0.2383728174198785,0.20067565807057514,0.21277074219545072,0.2015246765985633,0.17222910368311856,0.14263824355696644,0.1918745672201114,0.1604538333110305,0.13423549599464116,0.19467412383351088,0.08529158657841959,0.0997427622109148,0.0983249013565454,0.11242215556145865,0.07501901570935594,0.07642442020888399,0.09123806483073778,0.09159478198572052,0.09199743345559785,0.10894019157294285,0.06337006999981959,0.04398782337739271,0.06893875425971145,0.039123954269996375,0.05215510389039474,0.047050703829135246,0.05024777404806326,0.029546201120454547,0.05775107465131557,0.04177810607481201,0.043938729970213385,0.017866748031066214,0.046129589099248865
sharjah,0.3077692336627676,0.30453440998067033,0.2713450446874087,0.2492349888246176,0.26131474641991903,0.2540741886154553,0.2331216500106415,0.16403986847521232,0.21709822505427073,0.18610122447475613,0.2234959891012774,0.16130096534931257,0.20299410233677084,0.20900513765323334,0.15489254819115472,0.1567369728409906,0.17413331071005947,0.12523390033281206,0.0888828093665527,0.106364754327974,0.10666523136542179,0.10258929283797139,0.05336829062573503,0.07604431461668262,0.07619590003442134,0.09079720901537532,0.08788855107946918,0.07267825161186198,0.09468666083993328,0.04519753628414475,0.044257928721901076,0.021378811802353796,0.017870283213829732,0.024317100441219135,0.05838581263148534,0.018573511003634524,0.03380378409254307,0.02646818683106515,0.032133936618243084,0.054409166871969956
siena,0.3042295906896282,0.30237917707551576,0.26640877169428717,0.2667526308805259,0.2576110024348886,0.22395484666348703,0.21829291096562872,0.1875247093329439,0.233685461584008,0.25204386978473053,0.15692464954407917,0.1891704266067236,0.139658461664977,0.16397492170398426,0.16603632127378667,0.10599139608766148,0.1790551759557576,0.12966886968541355,0.1181343232088225,0.03576799997139838,0.11172312510690123,0.07708782666075237,0.11070594066972622,0.1366702301782801,0.07970078835931932,0.08281245727747258,0.06277141399034931,0.10641365437390145,0.041183400735826485,0.06351368396505899,0.027027033437809628,0.043295310440480426,0.07040639965734243,0.10337957771983294,0.06033642093979278,0.02584001767699474,0.029954847133779144,0.057803076333359904,0.05680316942395957,0.06331575301403546
suncheon,0.3243252272329887,0.32432274988370396,0.2794499262403057,0.3026822825422412,0.19451379745432368,0.25845102697331784,0.12962494691372906,0.19433350121370754,0.27845957566315205,0.21547236086890878,0.12955658281420634,0.19446159365158464,0.15109353588283223,0.1512307913388848,0.04324229064670092,0.21593244614898627,0.171549626973621,0.15128575495845792,0.08571838948425445,0.16850917898672588,0.0,0.12742778738965788,0.02131326167327115,0.021567548135922536,0.08634926983167346,0.0,0.0641573987690892,0.039215327086296006,0.0,0.05376251660718028,0.04218282877114376,0.0,0.0,0.0,0.021607081823591962,0.04202540336328792,0.02161236574554343,0.043167257730863356,0.08367069960384946,0.0
sunshineCoast,0.2959825610370492,0.29300981228382617,0.26119724278602063,0.2643439147862526,0.2772119059146048,0.19957988924577824,0.2364046555487794,0.24856423516565337,0.2162864253129633,0.18759588545801573,0.19541958108521731,0.2077075784471967,0.1193732732686277,0.16228249089260688,0.16777119049261605,0.12290795117492441,0.17117612586375164,0.0993964286548649,0.06021018759940214,0.15442282650179617,0.15576980698890633,0.05442378846715068,0.10926939842818133,0.0846757269865936,0.04729290966196941,0.11681367343836516,0.09332344966907148,0.037573785260114165,0.03595247543774509,0.05966560578527471,0.041350290937207816,0.04854137601346128,0.03506764130716768,0.03961364359161467,0.029519491824390884,0.0486139041776067,0.06014738296338998,0.049534960697809896,0.07691360737048031,0.04970503362828212
sylhet,0.30533572541566495,0.305328282380627,0.2442118668839631,0.2646059933636942,0.20347945968594136,0.22072631168001333,0.20186137558804756,0.1424776026990553,0.18267657159293718,0.16276852216188248,0.1831437567573968,0.12204180772135857,0.22376060058741332,0.020353120005242278,0.2026834103638991,0.13731953508097192,0.14208030478024034,0.18299414389700983,0.08130928901879843,0.01809434924043124,0.11170157434166839,0.17403957333367234,0.08102602249817074,0.10082512838095462,0.12201259447965858,0.10087516679359422,0.13903698820015228,0.14138460068978076,0.12112162978250376,0.1276683587139556,0.1016687273562358,0.08126675673794657,0.11616087912220481,0.02031442948791243,0.06103754378393332,0.06041412409338628,0.040686947462020784,0.055970332258941116,0.020340202298072863,0.04047138469161544
toluca,0.30087681239670444,0.3008646383566662,0.28104112020516386,0.2444237529108789,0.2568566370360298,0.2242350477786523,0.20048668660084207,0.2233771246372878,0.17950456646523713,0.15924867957473138,0.16656388089714272,0.18785218400629444,0.11893714287409071,0.13096963249080515,0.16053085518393886,0.1434839025736248,0.1364828295104683,0.1747824507241201,0.1554591664714635,0.08471005221623876,0.08093591324608583,0.11474292927430811,0.084024472249274,0.12189964358820202,0.10269816612899657,0.0741857762890553,0.1045496152766333,0.09508338161518254,0.07313999786406129,0.07087476396260556,0.07380918536410273,0.0809098273986265,0.03713507895724289,0.09927359272909488,0.08747756888520969,0.036564063608666326,0.04378585191623949,0.09186401017866926,0.06181505465815996,0.029111692350798062
trujillo,0.30138014404579244,0.3013731321253938,0.24219699777736287,0.26017046185971154,0.2533326321675337,0.26667141808223827,0.23893802535674996,0.17798480102085404,0.19094434623373913,0.16350887891635038,0.19124521319211685,0.1572916342031762,0.1665544800618676,0.10799761524415827,0.16388231760482047,0.1771233431760395,0.07040270739365849,0.1570607489340197,0.17286273761886561,0.15605808459397022,0.12823865300292078,0.12002688497456508,0.09391067924693693,0.10095479718676287,0.12961399967162104,0.09539690633532207,0.11830012630640964,0.06747721677860764,0.08533890757406541,0.027075847952095798,0.08043316921383879,0.0784247899461678,0.013061511089845951,0.03896808768993425,0.07526104593646689,0.03937356079298441,0.027381777246374812,0.052529475728830786,0.026074835201060773,0.03277158426760479
varanasi,0.29663081559449384,0.2966205258339737,0.26585638402050127,0.2585590911189335,0.19687945926261294,0.22556079393753478,0.18805025456766933,0.22300020199279347,0.21128572926376582,0.16396237257165827,0.18113868789430873,0.18958839821007942,0.2641075969006707,0.128047368487734,0.11288677186426548,0.13617159214959615,0.12341522335701542,0.24743759533042417,0.07506238381514185,0.14455158470449558,0.05318541961942628,0.12651498290457058,0.13794015516021615,0.0223071463425956,0.11364200670717638,0.022710380915870056,0.05887797911886972,0.03606546855729794,0.07434501874268405,0.04488403374311182,0.030400724642454496,0.04440477844149471,0.14276142334455819,0.03993733191362326,0.09449628689988257,0.06764907134411251,0.07592923860148389,0.05795992075533618,0.017371218518204615,0.03034799606931969
vitoria,0.2988332197264027,0.2988065985277092,0.2555683958585258,0.244353196887474,0.28494971310020156,0.2488846144277154,0.22743219200092596,0.1975842509277542,0.24799634156455883,0.18821429885627033,0.07543759940681947,0.17821294946493468,0.1944798011386819,0.11714889345504065,0.12082576587285236,0.1925895961111354,0.14505630428962255,0.11615944804422211,0.1477015003918024,0.10727045310881728,0.08938151646782215,0.12727431499522554,0.08085231706411122,0.0920216894004499,0.14309477762956152,0.07854627578045784,0.06072179667077639,0.07228301521094631,0.12474353095014004,0.057088178583484146,0.07121180667188436,0.0444934205119509,0.03347739218180114,0.026904204142421118,0.05870309632087446,0.06398639370074999,0.03607596295077484,0.05398445641652115,0.053229643155900654,0.048833170560003136
wellington,0.2922086709570097,0.2892788953714378,0.2603563834527122,0.2628550575080996,0.262791629111694,0.2121512414763063,0.23349986090326963,0.22783004233941487,0.2076357394360182,0.19031863227525617,0.20009613931326958,0.20083104674201216,0.149327395615049,0.16053003822752868,0.16986707361629189,0.16632544525842766,0.16482844842416766,0.0837295613011183,0.128615255320712,0.1558531652463004,0.1342510419091841,0.08936446316661886,0.12864615769766827,0.10609807007978658,0.07195326428517086,0.10630205969782461,0.06743450769441851,0.06615484918764573,0.061135728907255896,0.05231863995106063,0.02617300958317296,0.057085151748602965,0.05106504286589893,0.06908122126167883,0.059536400192241046,0.056762300005474726,0.020046743358469888,0.042958472701512776,0.04913444087621442,0.044607129480469944
yamoussoukro,0.3080344335694787,0.30802587107528406,0.2527106399189367,0.20858245947443682,0.241875040965749,0.22484714352736365,0.1905370747591087,0.12621735360112027,0.2791995267493854,0.1535128464630361,0.17500758715017153,0.14210116819413807,0.14282243583852308,0.1829911496883743,0.1857885046625428,0.2528298281864368,0.15062491375304454,0.1744700683929264,0.15258005858224927,0.06560704657409382,0.09593831713364191,0.14145265080664585,0.11936062413638558,0.07568290604422233,0.1045572768091737,0.09733269013550579,0.03289368193336102,0.07591725445916597,0.10580943951492063,0.06261282149721603,0.09796341567458956,0.05485417358816776,0.01987188813047421,0.02198532555262876,0.05428179365910683,0.021537986349250474,0.010892469729056749,0.03273706035517333,0.054743429690820675,0.010998644765156027
yerevan,0.2991819464554676,0.29614724494519656,0.2693063275553426,0.27214903774444205,0.27767088394334316,0.2496567497388352,0.23787809976441607,0.16923143897288767,0.18099167216294604,0.17828436204896433,0.25218472876678255,0.1659108841952634,0.20517431023728416,0.13110350027716924,0.15795806528596273,0.17816487863271976,0.14331838526287327,0.09893145082320381,0.10658698234769028,0.11770742649115445,0.07457800934582992,0.07477002681108062,0.11030088970986598,0.10892681401833541,0.07317855101980537,0.06465807265696201,0.0805789979555416,0.1085724528442654,0.06840968900061428,0.07070720364349829,0.06480509578223294,0.027918227536243626,0.023506409223082968,0.047370079561085764,0.07150380245071548,0.0370567363599025,0.03559407348388861,0.03048339675079741,0.029062181588174366,0.053206069032525206
