label,wall,table,sofa;couch;lounge,cushion,ceiling,chair,floor;flooring,painting;picture,cabinet,windowpane;window,toilet;can;commode;crapper;pot;potty;stool;throne,lamp,airplane;aeroplane;plane,plant;flora;plant;life,armchair,door;double;door,hill,shelf,traffic;light;traffic;signal;stoplight,curtain;drape;drapery;mantle;pall,rug;carpet;carpeting,bed,book,box,animal;animate;being;beast;brute;creature;fauna,mirror,truck;motortruck,desk,bottle,ashcan;trash;can;garbage;can;wastebin;ash;bin;ash-bin;ashbin;dustbin;trash;barrel;trash;bin,sculpture,barrel;cask,buffet;counter;sideboard,seat,screen;door;screen,fireplace;hearth;open;fireplace,wardrobe;closet;press,vase,waterfall;falls,monitor;monitoring;device
abidjan,0.2732006693214919,0.2502503937143627,0.2591629009801019,0.2806676121340717,0.23364681788008534,0.22875918862232245,0.1958212134468126,0.2145280776242064,0.23083319109961092,0.15390371448449813,0.1821801638592645,0.18384838042060542,0.18826105088862832,0.21900148402754965,0.1994604898766437,0.12621122098674656,0.07918433269710273,0.17230662154831836,0.14903056773845702,0.11537205906236267,0.13259435475987155,0.11794900321638069,0.15446802697095435,0.08636625071449894,0.14048985564909952,0.08470356036739506,0.10963393067653361,0.07639367643784964,0.11536231893044376,0.05172567816262274,0.06223269992256011,0.04760339313106186,0.0370818024491335,0.07561142971323698,0.04160810623967729,0.03149122385037983,0.03238550838587427,0.04687219081296676,0.018651050317006593,0.03172850245467409
adelaide,0.2689434677432395,0.28647532820251936,0.2917984895482627,0.30145888909800644,0.19717148716714755,0.26673631112002966,0.25256101270158665,0.23709158614035944,0.21868445212442122,0.21514253984279647,0.21104584829620845,0.16413451714066185,0.13350172791059833,0.19024240799312497,0.1768983224049582,0.1563569052630085,0.11192948383533999,0.07362264699414915,0.13851288168647713,0.09866659537077295,0.13744217950891027,0.08555969917986694,0.12073133941202842,0.08002263371159134,0.09195556722418809,0.05437356215111977,0.0948636626630116,0.043164455497772605,0.1137537221400234,0.029407111912903707,0.06336876409946446,0.046339552060020155,0.03300410338270578,0.023567419801053518,0.04337341488184762,0.05489493221527805,0.014798526700668212,0.014729204589027708,0.05624018671111979,0.029517046996876444
ankara,0.3011683884604412,0.27904420657517043,0.30841395193925836,0.29708488961693436,0.2030517947918918,0.2468513422489756,0.23700430716277385,0.17756269597370133,0.20089556690288968,0.2038140430671762,0.20694132797080572,0.1866701464338919,0.1889171390954063,0.10609528016973269,0.18287160945268258,0.1306743030243567,0.10624632149054165,0.1275070374231515,0.12408286136593928,0.1218904574385625,0.1557163686590946,0.11416736786279212,0.09036519584331949,0.11976540073018152,0.08551904535565041,0.07158329380776758,0.04413722122908205,0.06873152380249392,0.06949888423528766,0.07813024489396819,0.0325515154583879,0.027756075245751567,0.03514353668513035,0.08286963034639938,0.02051374345953191,0.056953490793496916,0.051683446856703216,0.009310400247254026,0.051438263473084514,0.0590616500507228
auckland,0.2774246593947268,0.30676612813131154,0.28337647343407374,0.29476202966540116,0.20595938682175893,0.26323197522686514,0.214762026497862,0.24745348301058714,0.19639605708115468,0.24698691816944632,0.19798504130245367,0.14539639260682824,0.16097141399399706,0.20154836716915808,0.11702335465571967,0.1638639660418387,0.10460288396616123,0.0791632480186722,0.1487692497131072,0.08912775174096475,0.10881796641827395,0.09994128761476562,0.1120435217163788,0.08276807391213649,0.11674989595570198,0.08026378139760114,0.1169017314675264,0.07238808074333916,0.06232233694776638,0.06328148179579944,0.07468120910626372,0.05901869383343396,0.023016335010793452,0.034166648648814905,0.0507094834631681,0.0321684005175283,0.031105693179110556,0.015488690084516922,0.02638571359066504,0.04030536063581908
bangkok,0.2905577946078531,0.26757119401537977,0.23801506954686974,0.25185377642587337,0.31925402163381306,0.2573989999910265,0.25354930196440967,0.21449838259147846,0.27233245293445063,0.18866395622684715,0.17116763985599048,0.13043394050148865,0.14310236359223952,0.13707729741584682,0.0946067139523782,0.169790978892202,0.11115419236720382,0.13943105757481142,0.09137708360792746,0.14641819912064027,0.1055044447345957,0.10898585723790484,0.0910197690145447,0.10249524756171988,0.11171130197256451,0.08041580972165846,0.13896092303538624,0.10891147339547731,0.06877889840896594,0.07788869190317761,0.03449410881257477,0.035016657781151234,0.03614242603893227,0.06642489730754896,0.0740679613059806,0.03803642477801576,0.06470433795015067,0.02418197296879882,0.03052302165605334,0.03238823100486664
berlin,0.28117296244115175,0.31094360470042176,0.2578290405828228,0.24979220766802934,0.20773074329170815,0.2601122239441367,0.24632032322204553,0.25796767835625345,0.20806360274533695,0.15873955850438187,0.18518468406322897,0.2559495947855368,0.1284567423893045,0.17845231625812352,0.1459569124071838,0.11649926974005831,0.1582878853151784,0.15077741073018294,0.1129551018807531,0.10877443330712412,0.10466462469372909,0.1433564008886033,0.0981634685891221,0.10307540660556203,0.11072867631761606,0.0574438872925111,0.032827518927302644,0.09997144127536367,0.08494237021347506,0.05442481061068934,0.08902657320900811,0.0436698279762617,0.03638034024435192,0.03660195211715993,0.059485035864613435,0.00955213646432056,0.04536362747317026,0.029464429648033225,0.0718199483119094,0.023343636468780706
bogota,0.30841521029519464,0.2984722491547577,0.2517708943317597,0.20295842012440893,0.2831789538581688,0.26633765871827475,0.21666639949746638,0.23437170035879384,0.22345721519383263,0.254762306525909,0.12705177682874544,0.17487048604557578,0.1472164593271065,0.15388119543406814,0.1414271782062956,0.1708842721158688,0.1332086905535598,0.1607515788379128,0.13177667623556993,0.10309736590401901,0.08557876930955993,0.119363880744513,0.09363877429453356,0.08737380881142573,0.11754530909254057,0.07168520417528251,0.08910604530150121,0.0749917417131783,0.05317668841546477,0.05124321356735057,0.04453037346333618,0.04768939947928591,0.029713527398778236,0.04648773011174898,0.04706825274516927,0.043103389654225006,0.053015240274393687,0.021211866269823056,0.02475793294527788,0.04408256571126569
buenosAires,0.2821859899723368,0.2516986241114432,0.2478002396031825,0.2567187709122461,0.25762121452899667,0.23129556655283875,0.2505965983898941,0.2112957860336062,0.22284846575798944,0.2171780679963289,0.22027416974492442,0.1904774933812796,0.17350511334529328,0.1526502527792738,0.13317800927105275,0.13380445045569322,0.20293371116523445,0.14959072748935484,0.15792359731715166,0.11800258804088581,0.07416188131759703,0.12456882537544378,0.1169503142043576,0.1172395333889437,0.07844212456989048,0.08547482875221846,0.06787762737368075,0.08631000738274083,0.0443648746500243,0.08839573494337599,0.022569811577817272,0.06546718605862022,0.05012403525837484,0.04802127368790287,0.05952163185135031,0.024879416063600866,0.02964033310611386,0.03672877073680433,0.05211984920965779,0.05212558207170389
cairo,0.29346613650793013,0.2576255458621511,0.29933356547365875,0.2696660049257883,0.22557767323695874,0.22809527013352232,0.24383616533054317,0.24681766297552496,0.22142941832805152,0.13361688504606592,0.23517477635327053,0.19753969881398886,0.1771413737044374,0.11192649731424952,0.20975078099646063,0.1303791126362563,0.09784974985384749,0.1330004587385882,0.07923749909405337,0.13008934625744242,0.1707371431166285,0.09111865900332101,0.08393696284731116,0.10068839727201584,0.06092240457600009,0.08999118422215689,0.08607946996702116,0.06091719765325015,0.09703615477032312,0.058971963460917744,0.03983757608391807,0.06283046764407556,0.034312962117603034,0.05078466255446853,0.04675103812960219,0.026993344137061018,0.022224072125827162,0.06357659480495888,0.025718801024813318,0.04766628293058586
capeTown,0.281962286920105,0.28083383022567726,0.23248326841269307,0.28127731872412304,0.21085043918740057,0.21594404292379363,0.22052780915726372,0.23353797327762807,0.21256153972723976,0.23292741709078568,0.21519015835986352,0.19175717824339922,0.11336486380922192,0.19468471905644974,0.17364156668085542,0.15535977869460713,0.16805808704043082,0.12801881927409517,0.19614018140207257,0.10299036759160368,0.1272652713272124,0.08838420905535717,0.13120079421571773,0.10067329912668349,0.1072033626707642,0.07311511117841686,0.0794466208609191,0.04762026584578899,0.054899866942475437,0.07951178934592441,0.06168237353944669,0.04206618989672127,0.04841821612898161,0.03659758365946186,0.029439621745162486,0.060276826448666276,0.047440405663044374,0.025072781459058866,0.05858596209365369,0.0745630733893859
chennai,0.3376808545168057,0.3082852382448458,0.2432613944623974,0.1715413833218475,0.30378289139383885,0.285115069167684,0.19138373361681157,0.15993150113443852,0.2745648352550889,0.22182805265188194,0.18460593324441524,0.11474702896195045,0.22293087911955323,0.08386408612572399,0.19526321379036538,0.17187495758181393,0.08927953919664977,0.07872392851812923,0.0523829533360597,0.14193294166215709,0.051102404490903294,0.14035675451438198,0.054652545681381975,0.0831675669481855,0.016632289019128037,0.1165881833923756,0.08437605441087405,0.09636444249051189,0.035811521823505124,0.04022497707800384,0.04558623902719447,0.012979006606499017,0.04653300136026439,0.056256015350736766,0.05662599622569551,0.025494693360259602,0.08589019380500677,0.1122709578414401,0.0167961381734461,0.0058955217505438995
chicago,0.2852651287072565,0.3029024130788849,0.2510426402338519,0.2705192930752247,0.21300153118702858,0.1980169037951391,0.2308435558470144,0.2885419235617112,0.21973723091527353,0.1920904555193489,0.19902545976200126,0.24099673852522532,0.14144991599185203,0.1374021477444727,0.17621761204882644,0.12449590894193692,0.14966437102462904,0.11651608307333301,0.1231907716447828,0.09919150121648772,0.12605575603360533,0.10008689925606672,0.107665198203231,0.13100305584965594,0.08015539818735842,0.09079267116369576,0.09502106767184235,0.049623755644531045,0.09485606121388532,0.06945609366024595,0.07433698777250046,0.06907200455313474,0.04725707560300927,0.033302356849144454,0.046630657977298484,0.05867606770293834,0.025015829625392914,0.02684875674749417,0.07334405501774194,0.03830638459756584
delhi,0.2930997058581828,0.2586509976022608,0.24708356657542174,0.2548271018099718,0.21799639337018648,0.2465311527577926,0.23352340528108667,0.2723581258750916,0.2277646290373112,0.132745955668956,0.1725771961472958,0.13324012593405313,0.163463571725723,0.16842619218630128,0.18494484868072994,0.1413746056453428,0.13272461916372616,0.12752686253982362,0.11842554103905767,0.10602871077215295,0.13900243711615112,0.19238504981504764,0.10696814877354834,0.1776162567093931,0.12504976807944707,0.08461384124490524,0.05778922666728334,0.09153582996966837,0.08536087760252704,0.07889603477355547,0.06466288947560256,0.03258303505761361,0.038490154873189054,0.04610114476099899,0.06118418653693309,0.015073733817925459,0.04763001724772383,0.07545558962371147,0.04148640272038366,0.017923695534612236
dhaka,0.3508913669645789,0.26267536659975693,0.20937399046212404,0.2480677689544203,0.2736263838013898,0.20556023949028723,0.20205654136046144,0.18436255612686106,0.1975782584045078,0.1527762472234646,0.18903085738026734,0.13858830705016195,0.13105375193052676,0.1432239048538597,0.20384070870461457,0.18409080509416342,0.09768324401292193,0.17866926469724825,0.09803597963343937,0.22214421604370216,0.08520996207263036,0.1843263578360692,0.08115603754289431,0.12306836712844962,0.04297820905705632,0.125297226901944,0.09083620142284518,0.07464568792885629,0.04007190310397319,0.03749997521564494,0.06909759924838488,0.01571947224965593,0.01654733136475398,0.09004386646509722,0.04611593064605261,0.07663910691709813,0.10358826378167903,0.08788283890402822,0.04276562568963764,0.02608171187607809
dubai,0.2817578865069953,0.3033306257125206,0.26728550160095005,0.293143919487702,0.2596427471872517,0.26090421115850276,0.21287009365673315,0.2384952042612975,0.1676993319663883,0.17811392918762645,0.22937970890975093,0.19614859093890738,0.09490535553391785,0.18733834619196632,0.14694410009610037,0.11952786238715837,0.11584127462597799,0.08219697076789648,0.19825341485023726,0.11326176701697825,0.16002341812517812,0.10284397687146223,0.14582367041720418,0.06337447811778503,0.0896676352999488,0.09602725195492041,0.09176653054486256,0.06480703819527674,0.0517111696439212,0.06954630722483421,0.02765737529572376,0.040113355064256784,0.059706217873215374,0.030721942276589392,0.059191567036039935,0.01547825927196598,0.029389317723662996,0.01850237811153327,0.01892407190641134,0.05246070041395808
hongKong,0.29424951951585565,0.2555502699363417,0.24314314371096485,0.2347893114335255,0.27568878898007926,0.20046177667378112,0.23131521166346797,0.23861276583426957,0.23060967344072322,0.2095764343249325,0.10572205261486538,0.16378704484397755,0.19382050541591764,0.17032931065073512,0.10634835859866414,0.15042694284946104,0.1581987919416535,0.13432433391098894,0.13310489363296288,0.1118955653778281,0.10167723963618491,0.12659916465224197,0.14808455471592252,0.10317872907202626,0.15736426886799107,0.10781267608372495,0.09398218313911016,0.09450021189903213,0.04852190321232642,0.10599172429945611,0.058827545301522816,0.029015123270987785,0.08442379686672952,0.06315760495074131,0.0636044953060555,0.04224664920124265,0.055110979778118206,0.042664214209493685,0.03758347239309285,0.08623856164449635
istanbul,0.26769136104645086,0.33394442672351204,0.25911112769922695,0.2603478693932195,0.21323526780495738,0.23471452076602434,0.2557614253591413,0.22729370219466946,0.24609703880245992,0.17534162375407164,0.2153420476499185,0.1869214459999503,0.15174959125753829,0.14866662290190852,0.16137998610113272,0.12234570880214828,0.18692820568155716,0.11833592954257854,0.09662678761291041,0.10991471649487011,0.14676078430317785,0.12104741616523586,0.08492778010078111,0.11581773416320025,0.09503973314942087,0.043837169730920056,0.04582208691120777,0.12551231894660447,0.06668121538280893,0.07943319878003843,0.048547988779461426,0.03977379935478786,0.05360442632308912,0.035843464875859134,0.042311788936474214,0.02876561801530711,0.044594217578642265,0.026398063009095276,0.030802075072333127,0.05255999141285267
jakarta,0.3059593342540289,0.29398347353098864,0.1802167507548318,0.1995330667506651,0.26346404046163957,0.2750797304177383,0.21280699877379775,0.1745832966213357,0.23874368997367032,0.22480580806597825,0.14493989725934173,0.16697150328930302,0.16882072430859849,0.10290139972429643,0.11729184750185905,0.1569387680923593,0.08758157171714284,0.19815088645494985,0.10243587761992654,0.1482821449017967,0.0719344293891801,0.11513205184277156,0.13379610914253404,0.14462839395894933,0.1216898643599231,0.09011687129663196,0.12586277347410454,0.14000144644195384,0.07419857108306628,0.05243137234694873,0.04343676798294321,0.09295006839955797,0.09152067086249273,0.05826073985846801,0.023702498510718883,0.03920947016573075,0.05932980819762268,0.014821718066732636,0.020620866900498393,0.02161860013482581
kinshasa,0.3256603701573487,0.3299595767983541,0.22370177267886246,0.17543154767305805,0.29167577697957153,0.22234823953207253,0.20681542119471716,0.16606984579485162,0.2907511524008476,0.16253701800738007,0.2445406941538741,0.10841390305850553,0.2561752044693162,0.05808214883813285,0.24609703346344203,0.14716910710667333,0.10793370830267343,0.1254536469549613,0.02176032092354513,0.1806380760389843,0.15146183286818685,0.048318643961016566,0.059494225261515266,0.09215199365217142,0.029850714060245656,0.05528916195824377,0.0674981718981107,0.09760412887643556,0.06389923337433911,0.05229270044357886,0.03466182243360549,0.008300591601560001,0.01840677974788637,0.050870453521866844,0.007776216394327024,0.03947219823015047,0.004724378370789826,0.1200643830691775,0.010441027201593163,0.015575961323760653
kolkata,0.30728015866266123,0.285288937156277,0.22057514628353206,0.23434249025223847,0.23448467084856114,0.23835905534067167,0.22313117564293422,0.2764782779383274,0.2187413239971249,0.210096817465214,0.15535915659092156,0.12340139870199382,0.21292537923691152,0.10529694905836993,0.1681164309103203,0.13633569419631655,0.10809078516944978,0.17548006569000438,0.09331065173905641,0.1858435903923816,0.10832979766958635,0.13928281042908006,0.09019742449506077,0.10818375622653399,0.08286130286981531,0.09794185327651925,0.06889854143921172,0.10581225457352382,0.07561740886799881,0.047524750756392516,0.05698203427204409,0.07066497240871193,0.08336606764400122,0.05522194369481494,0.04060378037170993,0.04468784986296211,0.08262850720560982,0.07827376988052415,0.0164884716067888,0.030313104543793032
lahore,0.30666161245874085,0.2859912488907773,0.2848059049795112,0.2461815766092463,0.21746541234457323,0.2585969616966137,0.1882501071483916,0.1756512381979606,0.20287766237989627,0.1346014436076655,0.1774729651773348,0.1488486472114513,0.18389020209592663,0.18742849659789246,0.19863517780393647,0.20942514776935892,0.1486143473710786,0.09603006277476592,0.08186095944479418,0.07966432016934627,0.10537307606232799,0.08767244693442211,0.100210978530726,0.09667790905277045,0.08488956808472022,0.17780231770306934,0.13746411898853217,0.05047043666379115,0.05280169539382382,0.07605247258928982,0.06618344137844895,0.03380620957164873,0.09647165786738615,0.09870493161933121,0.016451941920867377,0.09773061974802148,0.06982659979011839,0.0683565034854935,0.04027876096905928,0.04062378809628417
lima,0.3026948751521982,0.2403211778482111,0.2656384235805156,0.26167850387851255,0.29524632240836646,0.2421594889730334,0.23357387668261684,0.24338192825515653,0.21759760835048478,0.24834541631549376,0.17986745612858615,0.12915168973772173,0.14572638439204197,0.19766700708339222,0.1319630337272118,0.11989461850810779,0.07444541316120862,0.17243632168206205,0.16271382565928508,0.1320035655766463,0.09452592173682908,0.06483519253781524,0.1222852184172151,0.07252404498547477,0.11411749150436157,0.07514756070705815,0.13474788418318007,0.07153135192101298,0.061224333676668234,0.04500273644949387,0.040540981928320736,0.0750894079403189,0.05823909717755141,0.041271340794205615,0.03273726945884567,0.031309480218515845,0.025796431436587997,0.04129668427774529,0.025498895001263032,0.03024647999269787
london,0.27654719608103023,0.2695805351947797,0.2830181766176958,0.28646161738882,0.21292165813915395,0.22245436704722021,0.2550093968373058,0.3024818919880391,0.17805432696607065,0.23162062985190407,0.17267985990516246,0.18823272154050816,0.11771137933767203,0.17274724165191332,0.19861689522409243,0.10970239332927793,0.1590801618284221,0.14172644049565009,0.13645191381905342,0.10332469675029163,0.1230084420009845,0.07284798809183728,0.09038428899477807,0.09554052832552168,0.08173884998692438,0.07108634847224572,0.08845581621265841,0.0649891075552628,0.10487525954333257,0.06041304818325198,0.05559057694804796,0.03159634731613999,0.016786780554279075,0.03330435821319656,0.04720730068211692,0.058109649831437925,0.01591765530460995,0.05490175270659642,0.04900610885036755,0.03263897474693183
losAngeles,0.27544951452615607,0.29567892622125663,0.24969101401356725,0.2667327381283776,0.23737147264836883,0.21168413629950572,0.22108218788251655,0.2621379655928349,0.18485093264517438,0.26400616178447056,0.20786135969245276,0.1816227513153226,0.11702249928571358,0.18039421526940122,0.15193418792958382,0.14374942162472404,0.12618057495205676,0.11239991713296088,0.17378696566515667,0.09646929614712144,0.13431830283603163,0.10450057839393063,0.137222203125513,0.06154314851018647,0.10641857527700412,0.11194777160848499,0.09481150928822138,0.05753327064850483,0.072080330805934,0.07979461474011329,0.06192521546367502,0.047452854131076555,0.04041381336223821,0.018758554730985824,0.03518832411532144,0.06303509917761467,0.024734504828157096,0.0292199811584118,0.05273188891269179,0.0633075352314924
madrid,0.2616066409971103,0.31255318447217645,0.2480598143492747,0.2660085984831128,0.22017609103894678,0.2599252907407847,0.23987523756534238,0.27770835615376177,0.20538965199666212,0.15514944679458573,0.2009522537240374,0.1631337606770796,0.18870976561095487,0.18956557075456623,0.17016446349551545,0.15431665063685115,0.1244282693708407,0.12297481783957864,0.13256112913094314,0.10087811951954184,0.12445760758826305,0.08797910256401378,0.12126783840752965,0.09319485907347518,0.15154901900583653,0.09514808680938716,0.07457667941901155,0.08096571003448243,0.0688382342718493,0.05683733708536139,0.056375716749133394,0.028675424475240324,0.024701389468223273,0.04531196265043527,0.06205592204226095,0.04255859811042599,0.03617176076289962,0.02121579911674785,0.052803169575546975,0.03875580053683525
melbourne,0.28679308404982157,0.27491835934523745,0.2917035682025858,0.28690599413088036,0.1993800216724056,0.2629606516335367,0.24527160048422,0.2901644120934773,0.19988845320930387,0.2488087896811877,0.20422715460718935,0.17235058524557548,0.134834203016473,0.16199534605292554,0.13788453285488572,0.12775135401232676,0.14698276356871728,0.08793674990612232,0.14593281144147305,0.0722016661199712,0.11419855107791274,0.0913480645516384,0.10725388951224778,0.09281144275566908,0.10063040532763358,0.08690135759185423,0.09946587668976468,0.036165222074493124,0.07194715039682704,0.07248191037744296,0.05214166299442542,0.031185689286128377,0.040987875990623174,0.019054239084927805,0.03570957872059626,0.04282439769533981,0.02787826092165147,0.02711770252825632,0.048017844262625446,0.039364540271151764
mexicoCity,0.2936594094829859,0.29746918837778663,0.22718251411576199,0.2143982511008931,0.24522093679351323,0.2921612078445885,0.21258849970085367,0.22798930385896596,0.21392236825862432,0.22723645884413557,0.1785515060185941,0.19727491881834502,0.1466080680392425,0.2233385294586114,0.14292569100365057,0.11533062637660783,0.14669005110290814,0.1453961832337699,0.17374148919663587,0.10645676571960438,0.09623583882186686,0.07631007855504145,0.1456769222213396,0.09736022046200021,0.13917594401877575,0.07670907725012803,0.08102912918515913,0.05717245855309199,0.05232050132790269,0.04730012564090402,0.04374664947212169,0.05115018294920517,0.06371734930144524,0.044796446513172286,0.027632852095987606,0.027982000335993715,0.03869908354440649,0.04834469864691004,0.03161816396351836,0.02277532025799478
milan,0.2978345097476703,0.3287113696655433,0.26823942248871874,0.24242178045077603,0.30206893228245946,0.27201570227649896,0.23743272631721277,0.24515076081979126,0.2149324463646692,0.14971326663641668,0.11703697164488779,0.20379644181624965,0.19534752584984338,0.16740470514789504,0.13687285828986104,0.13959810707076564,0.1548842758316273,0.14359940985392275,0.10037552309799956,0.08820054031401392,0.08237917251588318,0.07861106321982207,0.055897440650660206,0.08905440234237771,0.11116650983205467,0.06783110041341242,0.04065992926554181,0.06798100336342196,0.07080010323577275,0.03758545900271769,0.0372218512397654,0.06237833287104518,0.04550492206493542,0.0366756932680425,0.02007818890812705,0.046306684698764755,0.03752850336539949,0.05572691788595364,0.054065763843081316,0.024595041076101384
mumbai,0.3493780808155123,0.26850157773871014,0.25176244416426713,0.22233242167593026,0.17596524068149558,0.19231815677005398,0.20784411413939477,0.16279903537409907,0.20897688327068595,0.24679332543225846,0.19332282246475846,0.09674840604556526,0.2695936522703297,0.140351646775351,0.16781179098826987,0.1923093085524738,0.06981984817183477,0.14289974118344284,0.11619638344576574,0.16335101785531497,0.1028793485523904,0.1683165393415871,0.15199855005558865,0.10405416165514036,0.1053337151268878,0.10174123490225898,0.10673374187660274,0.03413415379678875,0.0256696736637087,0.10135903570436396,0.05364117675347864,0.0008492465415977761,0.052716120074650305,0.018359607079648118,0.050659832442789134,0.004681047235631305,0.05128071436784925,0.03752402597487839,0.041138825757551505,0.08376241404977529
nairobi,0.32338730219661027,0.271734605077305,0.27973724368206887,0.29420892653957337,0.23968344167703945,0.22146281060245693,0.23306883404918252,0.2213003735523231,0.19048275520531094,0.21258414476385892,0.20357230355062653,0.12146848627503444,0.15844045638591098,0.1810046792990262,0.14474761839809105,0.09080967348523641,0.10517501092415514,0.1289633976443718,0.1316282950756425,0.18577664911073938,0.1534425838122609,0.08789980943198263,0.13125291462566901,0.10420728515420342,0.1229579280276433,0.09052151132298226,0.06604914325313936,0.058052360200074836,0.06363063488388221,0.045771939281787945,0.0589286336647052,0.03385946604755329,0.0307872929512724,0.05246727721755987,0.04060113563831084,0.022394745302109623,0.028493162472369167,0.06213417093721891,0.02566418253321386,0.02747483331506798
newYork,0.2684594493274426,0.3209704214479207,0.2764157525989173,0.2432645324393949,0.24629570022794886,0.27306912305326203,0.25112370797788214,0.21905042394126917,0.18689902411468776,0.18814848515224963,0.192267021497318,0.18386576599933405,0.1360230432478178,0.18222035326605215,0.15051827017209649,0.1213315414569725,0.1862808318446026,0.10044375691708132,0.14561986756515582,0.09945986243668342,0.11128228126085461,0.11657414772485468,0.07133232994201669,0.09723573031073754,0.1368857313493107,0.10153242228546884,0.05680776205685374,0.045589975744225644,0.09206873911450347,0.049404508755335676,0.05368673458452926,0.08029175480841563,0.05486577619900156,0.033477780793802724,0.0339339014520723,0.09525868008268487,0.01721979656990619,0.022560846544808895,0.040678645127734524,0.036475282976458634
osaka,0.3165359057047805,0.28787003698073593,0.22080468799323238,0.24179658424447023,0.2539464385121923,0.1940184580730203,0.24040869542840723,0.1742830228263063,0.24398961723098692,0.2268287703601396,0.17768081546770534,0.17341970668799947,0.2030375486721736,0.19211195631788458,0.11949337195329439,0.1057672618504319,0.09664250590754458,0.0924521622321831,0.15815808836606457,0.15244412176517017,0.10710677215561187,0.147576310317492,0.1578574656711805,0.10418474225985459,0.10070764344475049,0.06560255524929783,0.08984374336010184,0.0984970432393223,0.11580173161394415,0.052996524644437215,0.05456885272444682,0.04674145942391759,0.016305639854222564,0.06205264277156149,0.09756816118626695,0.03592373490771937,0.053429403426062054,0.02599111415077319,0.04528388889227131,0.022648038566616915
paris,0.262960671080006,0.26718735451298536,0.27799350900380987,0.2531816363488543,0.234054548230259,0.25416811711829046,0.2615867420719094,0.2466535988945714,0.21440967129562044,0.16250197503463906,0.20540870787283227,0.23724355236426947,0.11264299900422134,0.1359595980039202,0.1642816830039941,0.12336834891699264,0.21200674062094502,0.16121280332069715,0.17137917351938772,0.11333582226541929,0.09099513220800486,0.0720384993816895,0.11133867412157726,0.11539008340361057,0.10497645649299166,0.09174049841768772,0.017150080860448502,0.05847271333794642,0.06091396678429189,0.04827157818980749,0.04428500640693724,0.06724906497683461,0.03171152302762343,0.03516025741261897,0.03626327971905659,0.05740302127107234,0.018293264264715538,0.03765292449374428,0.05238801910079737,0.043676334139663195
rio,0.2984663145761154,0.34036649826664445,0.23985902420351887,0.21397340973386372,0.23064172365110708,0.2876963784974359,0.24315339685162296,0.2484497536221857,0.2183804003524103,0.1917697738954678,0.15493171346811796,0.15611834819129944,0.16327554696253294,0.15479560008795104,0.08408441238707645,0.12956918429267747,0.16152564653763835,0.1407884404640039,0.1646122461655578,0.06796033452261081,0.10447623330792546,0.11183839213152888,0.10694945713846661,0.11627196209883482,0.08146054878990744,0.08829315107524609,0.06462117223641486,0.14770029881876534,0.043422720084320805,0.0898856607967132,0.050977755634690605,0.045372106689181124,0.0666668114631915,0.030325929096342647,0.0437789978553537,0.03137583923133236,0.04846130759662825,0.01008378445597759,0.07093116591040918,0.02770155148523719
riyadh,0.2858179782733397,0.27594700177440207,0.2816505030310847,0.2510244596046589,0.23262593690591607,0.17191062429127402,0.20455958241827601,0.17354310134291082,0.20255917213342622,0.14311233100283333,0.24307099862700984,0.191129794270129,0.1331254046089089,0.23212941842783663,0.14350608913232943,0.13480592438969363,0.12385877766368177,0.1289928129202091,0.1507931571486578,0.1364376595517423,0.11722893264495986,0.1326922437870759,0.12108316867982695,0.13853756938657877,0.1630352279503189,0.13120438967332554,0.10160608531057862,0.08094997978402042,0.06258072220754576,0.11073178666877165,0.04208746414874702,0.047066605375096444,0.0767340817646484,0.07474081239086447,0.04404507014286727,0.04427329222617242,0.05739268848239759,0.0253748000933672,0.051166609464007064,0.033874654659075555
saoPaulo,0.3054435212462739,0.26783939123621253,0.24044073892138187,0.20074923331962904,0.2533920583733868,0.22093545690258565,0.215347332095176,0.21522285951433498,0.22040593198805195,0.27607868209819697,0.17070313333584203,0.17507899934130558,0.20582386839608616,0.13211456274506816,0.11925969161547535,0.1598864129073343,0.13243044168916585,0.156763786620347,0.12947300148603685,0.1123887453872481,0.12282063722695936,0.11229753967199264,0.09116841689857176,0.12374309699774994,0.08465274500467043,0.11019225558894796,0.10221792710672632,0.08629770192579536,0.07460550038599423,0.08562891680534748,0.04381798942211474,0.07969041914795126,0.07351518933215741,0.045121534441487414,0.03892150951611774,0.07106855677246875,0.03131884763318325,0.05055715590936481,0.03873320900157633,0.06298664628345862
seoul,0.30874724054598096,0.29996424414585776,0.1519107307295018,0.13654577393984782,0.27031246489251,0.2905789599811309,0.2622284366006896,0.208851719844939,0.2444733381846975,0.21431113219429362,0.1200150155533143,0.18838167770691658,0.2002253599993407,0.1695223483937895,0.09386734621764142,0.1811352079189837,0.13549322338643552,0.11627162455260154,0.10654769221059232,0.11765834224459251,0.1013840016500802,0.1606668229478539,0.08679954469854381,0.12518816368916594,0.09883641375258675,0.10147053063408841,0.10339840838533464,0.13041580922107845,0.06747528497873846,0.04403398561057746,0.030527705095322412,0.07917670807045551,0.07223891950193909,0.04752933397115615,0.06006352957856029,0.029710504130799845,0.056848150056239805,0.03580235839987545,0.0268105526578877,0.025309165021577304
sydney,0.2664094541007477,0.28361938759037747,0.27769460234750293,0.2986114881413558,0.17882718707104264,0.2109517151001173,0.26069958342841765,0.26420412030732693,0.22680869846877497,0.24420432242485132,0.20577006292655922,0.20358613930455546,0.15046494052155818,0.16729234130354503,0.1533549835241303,0.14201163537236203,0.1477640045572682,0.09270309562321179,0.12744959198938347,0.09709758593919264,0.13409477319972532,0.07436838173822372,0.07661736187964964,0.10286549598557107,0.09210384606623466,0.06923859649255837,0.06058461931646178,0.06231191627508221,0.1005893879494168,0.049143956301165484,0.0668098310109701,0.05990917886716542,0.049370877678013916,0.04739225324331474,0.03885009049892749,0.0522376276670203,0.010467849978869405,0.009017550904406143,0.041439156500748885,0.04986805074716505
tokyo,0.3048242851621201,0.3270363610023941,0.19925100831159157,0.21830911218701082,0.28216162972526604,0.25350572901773777,0.23157172744418844,0.19469687918821005,0.24048805743810994,0.23406827487243687,0.17344823342009785,0.11354605066495045,0.2411032938058981,0.17884309545809812,0.08763262047929793,0.145196334373742,0.13232483357313246,0.1031661768151329,0.08484618565270358,0.17021581790637635,0.062230157180059704,0.14688119571899302,0.09206931610687628,0.09869984142326607,0.096534404474732,0.03466964098533191,0.11430124035421715,0.07925527149336273,0.03674032562557531,0.062290381892466946,0.01909594460391789,0.0873275000019947,0.04784794579941377,0.05399601414860593,0.09707365022822317,0.027321580954129124,0.04614340295610166,0.030050337856929045,0.04543247949697759,0.03441801551205944
toronto,0.28780981310006704,0.2921627429854991,0.2649387175416866,0.24186959175922354,0.2782007022436327,0.24899766955031738,0.24514996088506683,0.24308307345243843,0.21214934611032876,0.21972053474511694,0.20317622317446413,0.2035996782876684,0.14381773965988454,0.13845608296535752,0.18413372809884843,0.11343697150405747,0.12127839301818466,0.11498842027196175,0.16395382522002053,0.10724795255152365,0.14707288965972068,0.08094597009699776,0.10356003505527236,0.0937349460993208,0.0897933517275313,0.05667210468231136,0.10344736624143176,0.07296969777593251,0.05945826908901464,0.04016720459866131,0.060899151947542446,0.050922047126190494,0.02691067122758148,0.02786103704604365,0.014868614729021666,0.05770006303178144,0.03499507417543986,0.03456943862208092,0.029981779186467022,0.03409062424818583
